jeans,22628
crocs,1234
nike,2522
saree,9042
nike shoes,1046
puma,6750
biba,2757
JEANS,22628
sangria,2012
puma shoes,2511
sneakers,13632
tops,48756
shirts,53050
kurta,25024
vans,484
t shirt,65149
adidas,3453
football shoes,52698
w,1301
shorts,9845
jackets,8227
libas,441
tshirt,64780
maxi dress,4115
kurti,1608
shirt,53048
bags,1418
roadster,10150
t shirts,65147
sarees,9042
watch,8589
watches,8488
joggers,2313
bra,8250
jacket,8227
hrx,2838
adidas shoes,1499
kurtas,25031
socks,607
tshirts,64780
sports shoes,6243
top,48756
slippers,1676
women tops,40886
casual shoes,24225
white sneakers,1863
men jeans,13378
aks,1146
bag,1418
caps,712
cap,712
basketball shoes,52598
boots,2328
dresses,28942
Women Suit Sets,4164
converse,300
dress,28939
jockey,702
next,5
TSHIRTS,64780
skirts,3950
track pants,6438
Men Jeans,13378
denim jacket,143
loafers,4464
SUNGLASSES,6420
nike football shoes,1064
jeans for men,13378
crop top,2199
chinos,6635
black jeans,1960
hrx shoes,404
puma sneakers,1264
backpack,3447
women jeans,5716
mango,1696
sandals,6452
palazzo,370
wallet,3797
Women Leggings,1926
levis,1942
anouk,1727
heels,10303
formal shoes,4863
forever 21,4878
nike sneakers,195
shree,2395
only,6000
superdry,1210
skirt,3950
red tape,1468
white shoes,3467
handbags,11824
woodland,595
sweatshirt,8566
earphones,53
sling bag,4178
shirts for men,40409
fila,603
anarkali,1
kurtis,1608
men shoes,26219
us polo,6718
running shoes,4510
global desi,1530
skechers,298
nike slippers,26
shrug,2415
tommy hilfiger,5880
backpacks,3447
nba,418
CASUAL SHOES,24228
reebok,1595
ucb,9339
flip flops,1676
tops for women,40886
gown,906
and,1627
Nike shoes,1046
mobile,4
catwalk,443
women kurta,23110
w kurtas,708
bagpacks,3447
tommy,5883
women top,40886
asics,552
sports bra,889
tights,1198
sling bags,4178
belt,2523
white shirt,6794
maxi dresses,4115
bagpack,3447
adidas football shoes,1557
kazo,821
w kurta,708
vans shoes,482
Women Sandals,2117
football,105
gerua,225
mens jeans,13379
aurelia,787
jordan,5
leggings,2714
madame,2092
bata,263
hoodies,133
nike bags,26
men shirts,40409
jumpsuit,1795
denim shirt,246
sketchers,298
shrugs,2415
shoes for men,26217
lakme,401
plazzo,3
kurta sets,6084
wallets,3797
casual shirts,47243
kurta set,6084
denim jackets,143
women shoes,25860
sweatshirts,8566
levis jeans,562
vero moda,4321
adidas sneakers,398
moda rapido,3523
wrogn,2285
reebok shoes,691
shoe,52592
here and now,4645
puma slippers,129
blouse,2066
men shirt,40409
jeggings,1386
Men Casual Shirts,15916
forever new,910
jeans for women,5720
roadster jeans,1288
dressberry,4670
ether,2115
crocs men,457
smart watch,54
football boots,52698
belts,2523
pants,16866
spykar jeans,1797
lower,6438
jack and jones,3767
jeans men,13378
roadster shirts,1822
lipstick,1355
earphone,53
women kurtas,23110
sliders,19
denim shirts,246
Men Polos & Tees,800
vishudh,916
nike shorts,134
pepe jeans,5156
fila shoes,339
plazo,370
nayo,968
cargo,369
nighty,915
tunics,2449
ucb shoes,567
headphones,100
all about you,1525
Tommy Hilfiger,5881
jackets for men,3999
t-shirt,65147
converse shoes,158
bedsheets,2358
crop tops,2199
sport shoes,6243
blazer,1205
leather jacket,190
puma football shoes,2541
earrings,10204
long skirt,795
under armour,0
mizuno,158
nike basketball shoes,1046
dc,170
woodland shoes,261
jumpsuits,1791
clarks,1842
t shirt for men,45226
flip flop,1676
fossil,517
trousers,16861
Women Tops,40886
red tape shoes,733
dupatta,868
shirt for men,40466
vans old skool,22
Women Jeans,5720
adidas slippers,75
puma bags,80
black shirt,3562
hoodie,133
lehenga,516
trimmer,48
winter wear,34882
power bank,135
crocs for men,457
gucci,1
miaminx,350
handbag,11824
cricket shoes,39
dc shoes,0
people,2731
Men Casual Shoes,16750
addidas,3454
pantaloons,2144
new balance,233
roadster shoes,1051
nike tshirt,539
2go,858
boxers,474
suit sets,6867
spykar,1797
t shirts for men,45230
sunglasses,6420
track pant,6438
caprese,262
slides,92
boxer,474
libas kurta,200
mens shoes,26219
varanga,1146
kurta for men,1870
t-shirts,65150
sweaters,9179
sweater,9182
baggit,509
high waist jeans,328
sparx,393
redtape,1468
tshirts for men,45227
college bags,3447
lee cooper,2903
men sneakers,9069
men jackets,3680
dress material,1736
men tshirt,45221
watches for men,5077
shorts for men,4545
mast and harbour,4678
flying machine,2718
trouser,16861
wildcraft,2187
nike shoe,1046
football studs,52698
nike bag,26
being human,423
panty,2012
block heels,3604
deo,977
white kurta,2372
sports wear,2145
wedges,3005
women dresses,21218
jogger,2313
Women Heels,10296
lavie,1549
asics shoes,361
skybags,81
nba shoes,101
underwear,2771
slipper,1676
nike flip flops,26
women sneakers,4683
vest,1273
trackpants,6438
rigo,546
gym bag,35
Adidas shoes,1499
sneakers for men,9072
white jeans,318
sangaria,57
dorothy perkins,4422
us polo shirts,1909
school bags,1418
footwear,60734
denim,4096
men shorts,4545
Adidas,3453
zara,2
perfume,20
indya,0
vans sneakers,434
gowns,906
tees,65147
nike slipper,26
adidas tshirt,686
black shoes,14452
men watches,5077
tommy Hilfiger,5881
hush puppies,459
tie,1264
curtains,56
rangriti,965
Nike,2522
bedsheet,2355
g shock,62
long skirts,795
women watches,3663
puma jacket,266
jbl,10
maxi,4863
denim skirt,110
roadster tshirt,2077
hair dryer,0
mens shorts,4545
flats,6975
arrow,1939
sneaker,13629
formal shirts,5392
suit,7511
anarkali kurta,2174
puma sports shoes,1066
mens shirts,40409
nike air max,68
ucb shirts,1612
adidas originals,709
men jacket,3680
puma sandals,132
Men Watches,5077
women dress,21221
crocs women,720
libas kurtas,200
one piece,1
adidas sandals,68
la firangi,449
blazers,1205
black kurta,2588
joggers for men,1946
slip on,13212
women watch,3758
allen solly,4054
nike tshirts,539
white top,7290
nike t shirt,539
Nike football shoes,1064
mens sneakers,9070
casio,417
boult,12
bikini,609
nike backpack,105
addidas shoes,1499
sandal,6452
kajal,295
nike flip flop,26
scarf,369
hummel,1001
mens tshirt,45220
suit set,6867
redmi note 5 pro,0
aldo,117
bomber jacket,830
track suit,436
black top,6595
gym wear,92
puma tshirts,1592
fastrack watches,31
women tshirt,9045
jc collection,1163
long kurti,135
nike running shoes,373
anarkali kurtas,2174
tops women,40886
nike track pants,128
puma bmw,57
women shirts,7131
nike jordan,40
anarkali kurti,5
imara,471
tank top,203
white kurti,194
women footwear,28691
kurta for women,23103
puma shoe,2511
panties,2015
women jackets,3277
shirts men,40409
condom,61
nike backpacks,105
men t shirt,45227
puma tshirt,1592
purse,295
mens shirt,40413
women kurti,1567
women heels,10298
badminton shoes,36
black sneakers,3230
earings,10204
seven,422
women boots,110
roadstar,10149
women shorts,1680
celio,1352
night dress,8
uspa,6719
nike sports shoes,821
shoes for women,25860
men,212333
nike men shoes,713
shirts for women,7131
flying machine jeans,465
sofa cover,267
roadster sneakers,696
mobiles,4
loafers for men,3177
tunic,2449
men t shirts,45227
puma running shoes,672
watches for women,3663
nike casual shoes,225
maybelline,357
white shirts,6794
ucb jeans,665
long dress,4115
Women Kurtas & Kurtis,24677
sparx shoes,317
casual shirt,47243
kappa,74
headphone,100
metro,933
puma t shirt,1592
kook n keech,2351
kurtas for women,23110
nike air,170
black dress,4967
ritu kumar,679
roadster t shirt,2077
hand bag,11822
alcis,821
deal jeans,988
wrangler,864
shorts for women,1680
night suit,1057
puma shorts,241
casual shoes for men,16749
mizuno shoes,142
mens jackets,3680
sangria kurta,1249
clutch,1527
ring,1929
biba kurtas,943
Men Track Wear,4166
all,1389
adidas tshirts,686
culottes,159
nike men,1683
nike t shirts,539
levis tshirt,359
adidas basketball shoes,1503
adidas slides,5
jordan shoes,15
adidas t shirt,686
jackets men,3680
suits,7511
nike airmax,68
hand bags,11822
slippers for men,1019
hrx jeans,388
short kurti,189
women shirt,7131
men tshirts,45221
axe,17
ed hardy,1019
adidas jacket,58
mules,36
mens jacket,3680
chinos for men,5464
sneakers for women,4683
grey jeans,1392
madame tops,917
perfumes,20
laptop bags,403
calvin klein,1532
denim shorts,584
mobile phone,2
sports shorts,692
timex,224
lee jeans,794
mochi,832
puma ferrari,6905
sari,9026
lacoste,114
school bag,1418
monte carlo,2037
palazo,0
adidas bags,24
rings,1929
shirt men,40409
jabong,1
shift dress,11570
esprit,1481
gloves,10
cargo pants,369
here and now jeans,1430
shree kurta,1696
mens wallet,1857
smart watches,70
white tshirt,9452
gym,1317
duke,1543
mens watches,5077
women tights,1079
top for women,40885
silk saree,60
women tshirts,9045
cover story,0
gas,547
biba kurta,943
helmet,23
jackets for women,3277
anouk kurtas,977
melange,205
women jacket,3277
kids shoes,2089
college bag,1418
nike football boots,1064
laptop bag,403
denim jackets for women,33
puma flip flops,129
veromoda,4321
tank tops,203
nike jacket,48
wrangler jeans,280
only tops,2029
mobile cover,2
sports,6497
tracksuit,436
studs,1679
ripped jeans,1171
campus shoes,119
moda rapido jeans,1093
adidas superstar,40
carlton london,2009
duffle bag,53
white t shirt,9452
lehnga,516
men socks,563
jeans women,5718
bras,8250
books,3
denim dress,194
puma casual shoes,1440
watch for men,5077
Saree,9042
pallazo,6
shree kurtas,1696
levis shirts,325
sangria kurtas,1249
winter jackets,3052
sassafras,824
foundation,24
high rise jeans,328
mens kurta,1870
adidas sports shoes,946
bellies,2350
boots for men,1072
jewellery,20462
women shrug,2311
loafer,4464
polo tshirt,15628
skult,129
killer jeans,55
women flats,6590
loreal,388
denim jacket for women,34
jogger jeans,243
puma men shoes,1936
red shoes,1546
titan,24
tshirt for men,45226
ucb sneakers,308
sunglass,6417
wrogn jeans,417
Men Boots,1072
cotton saree,1138
mufti jeans,131
woodland sandals,197
puma backpack,355
shose,52596
Kurtis,1608
hidesign,577
puma cap,66
lee cooper shoes,877
bata shoes,194
blue saint,703
lee,3789
printed shirts,14304
adidas jackets,58
forever21,4878
nail polish,606
roadster shirt,1822
tokyo talkies,1760
fossil watch,325
elle,915
flipflops,1675
shoes men,26216
leather jackets,190
nike women,734
salwar suit,6084
under 200,1539
steve madden,710
toys,1475
adidas backpacks,156
wall clock,767
bangles,277
pluss,713
water bottle,58
adidas flip flops,74
nike caps,53
nike jackets,48
hoodies for men,4412
jack & jones,3767
sandals for men,3823
faballey,98
puma slipper,129
blouses,38581
fabindia,148
men wallet,1857
tshirt men,45224
black kurti,171
gym bags,35
Tommy,5882
wrogn shirts,556
eyeliner,295
dungaree,277
w kurtis,10
nike cap,53
casual shirts for men,34770
fossil watches,325
nike socks,17
adidas neo,166
puma jackets,266
floaters,12
gap,48
nike slides,5
ywc,793
wildcraft bags,104
dresses for women,21221
gshock,62
Women Sneakers,4683
denim jacket women,33
men sports shoes,4606
shocks,68
women bags,1218
pencil skirt,645
Women Lipstick,1355
puma sneaker,1264
women,275614
bag pack,3447
men caps,635
puma shoes for men,1936
nike shoes for men,713
women handbags,11655
mens t shirt,45226
nike women shoes,280
red tape shirts,262
lunch box,75
men boots,1072
aks kurtas,702
lehanga,516
W,1301
aks kurta,702
wrist watch,8488
jabong points,0
kurta men,1870
puma caps,66
black heels,3138
women skirts,2999
sweat shirts,53670
redtape shoes,733
nike shoes men,713
jacket for men,3999
red chief,501
fastrack,34
puma backpacks,355
w kurti,10
caps for men,635
new era,114
midi dress,19
adidas shorts,158
sports shoes for men,4605
marks and spencer,1959
new era caps,114
boyfriend jeans,32
lakme lipstick,183
phone,2
nike bagpacks,105
off shoulder top,782
jersey,168
mufti shirts,378
puma ignite,219
hair straightener,0
fastrack watch,31
jeans shirt,76296
raincoat,108
aurelia kurtas,423
tote bags,437
mi note 5 pro,15
palazzos,370
face wash,116
puma suede,77
dungree,365
formal shoes for men,4855
shirt for women,7131
puma t shirts,1592
Women Wedges,3002
fcuk,689
women pants,5060
Women Tees,9045
football jersey,11
us polo tshirts,1166
supra,198
Women Saree Blouses,2066
swimwear,1205
cardigan,949
coat,50
ucb tshirts,1994
and dresses,826
nike mercurial,14
Nike slippers,26
trolley bag,545
women track pants,959
mi,13
ray ban,184
mufti,708
and tops,1598
adidas bag,24
frock,7717
nike phantom,15
rain coat,108
gym gloves,0
boot,21
roadster tshirts,2077
polo tshirts,15628
sharara,27
skater dress,3620
hrx sneakers,143
yeezy,0
cr7,87
long kurtis,135
AND,1627
short,9845
men kurta,1870
mens slippers,1019
adidas running shoes,602
kazo tops,230
lower for men,4203
polo,6880
Women Hand Bags,11653
legging,740
Puma shoes,2511
football boot,105
guess,351
kurti for women,1567
tshirts men,45221
u s polo,774
ginger,36
mens joggers,1946
puma women shoes,1234
sweet dreams,2636
women trousers,9955
men loafers,3177
sweat shirt,53668
clogs,292
leather shoes,12022
puma women,2860
women maxi dress,4020
black tshirt,7919
jegging,1386
off shoulder,58
skirts for women,2999
spyker jeans,1797
globus,480
mango tops,446
t shirts for women,9045
bed sheet,2355
adidas sliders,5
sleepers,1676
blackberry,4425
puma sweatshirt,328
us polo shirt,1909
formal shirt,5392
Levi's,1942
long dresses,4115
men cap,635
nike track pant,128
splash,1049
off shoulder tops,782
pants for women,5060
polo t shirt,1262
h&m,496
kurtis for women,1567
crocs literide,27
fila sneakers,232
roadster watches,248
sando,1103
trunks,453
us polo jeans,859
jocky,702
shampoo,128
Women Dresses,21221
adidas track pants,156
mens casual shirts,15914
women t shirt,9045
jabong200,1
vero moda tops,1713
casio watch,417
football shoe,52701
inc 5,1008
Tommy hilfiger,5880
pullover,9179
high heels,2188
earring,10204
Tshirt,64780
adidas slipper,75
mi band,0
adidas shoes for men,1107
black tops,6595
buy 1 get 3,2
rain and rainbow,237
canvas shoes,4395
cold shoulder tops,899
linen shirts,1727
watches men,5077
Roadster,10149
shorts men,4545
skechers shoes,288
strapless bra,35
track,6438
levis shoes,146
red kurta,1575
lakme 9 to 5,10
necklace,4250
tshirts for women,9045
bomber jackets,830
zink london,708
levis t shirt,359
long top,3502
womens top,40885
armani,125
red sneakers,427
swimsuit,1205
women blazer,311
women tees,9045
accessorize,1685
men casual shirts,15914
red top,2655
formal pants,2845
padded bra,5747
sweatshirts for men,4527
us polo tshirt,1166
adidas shoe,1499
ladies watch,3758
boots for women,1156
Nike sneakers,195
columbia,701
gym shoes,429
pumps,2625
cargos,369
men slippers,1019
duffle bags,53
lehenga choli,506
rado watch,0
rucksack,2
yellow top,2194
kurties,1608
diesel,277
kurtas women,23110
proline,749
sky bags,2
t shirt men,45227
titan watches,24
door mat,467
levis t shirts,359
mens underwear,683
shirt dress,22
tom tailor,974
women denim jacket,33
allen solly shirts,1223
fitness band,10
long kurta,2834
women sandals,2117
women joggers,143
flared jeans,24
kaya,43
mbe,225
ucb tshirt,1994
bmw,59
chinos men,5464
puma bag,80
speaker,27
tube top,10
casual trousers,14843
dupattas,868
here and now kurtas,455
lino perros,1833
mens watch,5077
winter jacket,3052
Women Trousers,9955
adidas t shirts,686
dc sneakers,0
football socks,712
nike football,18
rado,1
jockey bra,172
mens sandals,3823
night suits,21
soch,231
eye liner,295
sports shoes men,4605
T shirt,65147
adidas white sneakers,398
mens tshirts,45220
spykar shirts,648
full sleeve tshirt,7566
Men Formal Trousers,2741
mi mobile,13
juniper,307
kurta women,23110
libas kurti,200
women sweater,4204
flying machine shirts,771
full sleeve t-shirt,7566
next women,3
men chinos,5464
chemistry,915
Women Clutches,1475
adidas original,709
aks maxi dress,112
black jeans for women,690
NBA,418
slip ons,13213
adidas women,912
black chinos,881
cap for men,635
kurta palazzo set,22831
nike cricket shoes,2
nike flipflops,26
hilfiger,5880
tommy hilfigher,5880
wallets for men,1857
white shoe,3469
women sweatshirt,2346
air jordan,1
Basketball shoes,52598
ck,1529
duffel bag,53
headset,4
pendrive,1
training shoes,645
camisole,678
libas kurta set,70
men watch,5077
womens jeans,5716
adidas flip flop,75
miss chase,958
facewash,8
park avenue,2922
denim skirts,110
jeans jacket,30854
Reebok,1595
adidas cricket shoes,6
biba suits,1037
chelsea boots,26
trolley,649
adidas caps,94
and dress,826
bean bag,1418
blanket,793
ferrari,155
supreme,22
kurtas for men,1870
Men Vests,829
cycle,12
dress materials,1736
adidas shoes men,1107
boots women,110
locomotive,1936
Nike basketball shoes,1046
women sweaters,4204
crocks,1235
DC,170
men shoe,26217
roadster t shirts,2077
wallet for men,1857
adidas backpack,156
ankle length leggings,412
gas shoes,114
just wow,200
mens loafers,3177
red dress,1867
highlander shirts,416
printed shirt,14303
torn jeans,1171
bata women,129
reebok shorts,62
sports shoe,6243
white sneakers for men,1035
200,9
cobb,681
dungarees,365
ethnic dress,743
formal shoe,4866
highlander,744
jens,22628
levis shirt,325
men sandals,3823
Men Sports Shoes,4606
saari,9026
code,542
formal shoes men,4855
gym vest,15
harpa,1313
nike sweatshirt,40
stole,143
denim joggers,243
indian terrain,2485
men joggers,1946
mens formal shoes,4854
night wear,8
powerbank,0
basketball shorts,10
Bluetooth,38
only jeans,348
white tops,7290
beanie,28
full sleeve t shirt,7567
Skechers,298
mac,0
puma flip flop,129
yoga mat,0
formal clothes for women,268
jacket men,3680
lotto shoes,85
bed sheets,2358
nike flipflop,26
puma socks,8
rangmanch,572
sports t shirts,2115
stan smith,31
track pants men,4203
black skirt,757
ladies bag,1218
espadrilles,101
light blue jeans,18411
pant,353
pouch,220
digital watch,212
Dorothy perkins,4421
earing,10204
luggage,667
nike airforce,2522
skirt for women,2999
women kurtis,1567
adidas nemeziz,63
cold shoulder,1421
Men Jackets,3680
nike sport shoes,821
adidas cap,94
ethnic jacket,108
kyrie,4
mens casual shoes,16752
mobile phones,2
roadster sandals,242
teddy bear,34
shapewear,197
women gown,700
adidas men shoes,1107
Converse,300
dhoti,69
slip on sneakers,0
t shart,65147
Vans,484
vivo v9,135
blue shirt,21535
lee cooper jeans,514
skinny fit jeans,6254
tops for girls,7782
blue jeans,18403
fab india,148
marvel,1133
only top,2029
Palazzo,370
stockings,163
jhumka,1272
Jockey,702
john players,2923
black shirt for men,2509
goggles,119
party wear gown,187
Reebok shoes,691
sleeper,1676
T-shirt,65147
women t shirts,9045
mufti shirt,378
sharee,9026
shoulder bag,962
t shirt for women,9045
timberland,256
black crop top,376
hrx sports shoes,217
jumpsuits for women,1231
kids,39
umbrella,0
us polo assn,6719
iphone,0
lowers,6438
bodysuit,96
half pant,9845
jumpsuit for women,1227
waist bag,1418
women wallet,2033
converse sneakers,148
harvard,1019
libas kurta sets,70
travel bags,163
vedic,174
athena,592
campus,1818
nike cortez,0
redmi,24195
timex watches,224
tote bag,437
black t shirt,7919
mango bags,50
adidas football boots,1556
boat,16
ladies top,40886
long shrug,1114
mens t shirts,45226
nba sneakers,40
palazoo,2
silk kurta,434
palazzo kurta set,6454
sofa covers,0
trekking shoes,581
yoga pants,6438
nike air force,0
nivia,1
visudh,916
women black jeans,690
ear phones,0
maternity wear,250
salwar,240
red saree,910
sandles,191
sangria anarkali,441
skybag,81
Adidas football shoes,1556
babydoll,413
basketball,5
black formal shoes,2202
here & now,4645
long tops,9003
mens t-shirt,45226
shoe couture,609
speedo,707
Dorothy Perkins,4422
fitbit,10
nehru jacket,427
nike trackpants,128
sweatshirts for women,2346
tomy hilfiger,0
vishudh kurtas,832
bags for women,1218
colorbar,438
DC shoes,0
dune,512
Men Formal Shirts,2070
men wallets,1857
puma wallet,36
trolley bags,545
check shirts,6281
jump suit,1791
man shoes,26219
towels,1018
under armour shoes,195
Bluetooth speaker,16
denim jeans,22628
puma white sneakers,1264
Bluetooth headphones,21
head phone,61
jack and jones jeans,431
Jordan,5
lingerie,133
nike tights,102
red chief shoes,422
soie,1473
toy,1475
tracks,424
lip gloss,136
men casual shoes,16748
back pack,2596
car,94
hoodies for women,935
zivame,1037
black kurtas,2588
crocs for kids,5645
red tape shirt,262
slip on shoes,0
casio edifice,89
nike football shoe,1064
olive green shirt,2339
puma slides,19
roadster watch,248
t-shirt for men,45226
towel,1018
black shirts,3562
philips trimmer,19
tommy hil,3
w for women,1301
white dress,2618
woodland boots,30
wrong,2285
check shirt,6308
marks and Spencer,1959
nike track,128
primer,2
bag packs,1
basics,1708
cargo pant,369
formal tops,51
loafer socks,1
red shirt,2259
tv,2
women chinos,966
flats for women,6590
Mobile,4
rare,1288
red tape sneakers,129
tomy,1
women running shoes,1272
lavie bags,2
safety shoes,1
cushion,169
dhoti pant,113
hair wax,1
Nike bag,26
roadster tops,643
slides for men,26
waistcoat,814
adidas casual shoes,553
adidas white shoes,1499
locomotive jeans,521
Nike bags,26
socks for men,563
sonata,167
cushion covers,2281
kaftan,120
kids watch,54
loafer shoes,4464
long shrugs,1114
nike bagpack,105
t shirts men,45226
track wear,4390
anarkali kurtis,5
jaipur kurti,859
jutti,62
men trousers,9678
red tape sports shoes,158
salwar suits,7751
skechers women,116
sparx sandals,76
wireless headphones,45
amante,601
bodycon dresses,268
ecko,1390
winter wear for men,25199
women skirt,2999
bodycon dress,268
ives,327
nike thong,21
freedom 251,80
mens caps,635
suitcase,545
tommy hilfiger shoes,196
under wear,1839
anouk kurta,977
casual shoe,24225
cat shoes,81
reebok sneakers,142
wet n wild,143
cotton sarees,1138
denim shirts for men,246
glasses,6420
invictus,1533
new balance shoes,218
nike white shoes,1046
nivea,98
running shoe,4509
underarmour,375
women bra,8249
women sports shoes,1622
biba suit,1037
formal pant,2845
lavie handbags,853
Maxi dress,4115
Men Sandals,3823
short kurtis,189
capri,1468
Columbia,701
redmi note 5,0
shoe rack,52597
super dry,1210
chelsea,2
ear rings,10204
slider,19
women kurta set,3756
denim shirt for women,151
nighties,915
philips,34
pillow,45
shoulder bags,962
track jacket,14665
uspa shirts,1909
vishudh kurta,832
winter wear for women,6692
cargo shorts,152
girls top,7782
leecooper,2903
wireless earphones,22
black jeans men,1039
gifts,290
nayo kurtas,754
roadster white sneakers,696
treggings,37
biotique,65
boat earphones,4
combo,1427
hair straightner,14
peppermint,472
ruosh,652
silk sarees,60
denim jacket men,91
half pants,9845
lehangas,516
nike hypervenom,15
sadi,9026
shots,13
titan watch,25
Wildcraft,2187
zoeyams,282
adidas sweatshirt,127
gown for women,700
mat,55
sketchers shoes,288
t-shirts for men,45226
ties,1264
track suits,436
women belt,282
formal trousers,2845
furniture,0
home decor,3022
joggers men,1946
nemeziz,63
rayban,184
shoes women,25860
short dress,6997
T shirts,65152
vests,1273
casual shoes men,16749
gerua kurtas,181
kazo dresses,163
track pants for women,959
turtle neck,403
under 250,4630
uspolo,6718
waist pouch,23
white casual shoes,2241
women winter wear,6689
jockey shorts,20
Kurta set,6084
laptop,665
scarves,369
shirt for man,40409
trunk,453
denim jackets women,33
hoopers,364
men track pants,4203
rolex,25
saree blouse,2066
Black jeans,1960
ethnic dresses,743
french connection,689
guess watches,211
hoddie,1582
jack and jones shirts,1200
jbl earphones,1
jove,988
layered kurta,331
men formal shoes,4855
us polo t shirts,1166
casio watches,417
under 299,10774
kurthis,1608
ladies footwear,28691
lp shirts,986
mango women,1690
maxi dress for women,4020
puma bagpacks,355
puma bmw shoes,23
sketcher,8
u.s polo,774
Adidas t shirt,686
basics shirts,730
beevee,330
black jeggings,265
cargo jeans,3
jockey boxer,2
puma mens shoes,1936
tommy hilfinger,5880
ucb t shirts,1995
half shirt,331
HRX,2838
jockey underwear,78
koastub,17
libas kurtis,6
men crocs,457
men's jeans,13378
w dupatta,55
adidas football,57
adidas women shoes,287
joggers for women,143
Kids Jeans & Trousers,5662
lakme foundation,2
men belt,2241
men casual shirt,15963
mens cap,635
nike react,29
smartwatch,54
solid kurta,3449
black trouser,2486
ethnic skirts,125
pen drive,16
woodland belt,46
ankle socks,156
camera,6
jeans for boys,2252
men sandal,3823
skecher,298
smart band,10
sweatshirt women,2346
Woodland,595
wrong shirts,556
arrow shirts,0
helmets,23
JABONG200,1
jogger pants,293
ladies jeans,5716
lebron,8
makeup,2060
men sweatshirt,4527
party wear tops,8
sangria suit sets,219
track pants for men,4203
women lower,959
bottle,67
bralette,37
denim jackets men,91
men sweatshirts,4527
Nike track pants,128
puma joggers,50
puma track pant,321
Red tape,1468
sparx slippers,0
spyker,1797
titan raga,0
winter,111275
indian terrain shirts,1265
lotto,183
mi note 4,0
mobile covers,2
nike studs,1064
puma sneakers for men,978
water bottles,58
american tourister,107
black dresses,4967
kids wear,8462
men slipper,1019
mens vest,829
pink kurta,1351
power shoes,106
tommy hilfiger jeans,315
Women Tops\, Tees & Shirts,57062
anarkali dress,7
drone,2
jaipuri kurti,1608
men underwear,683
Nike shoes for men,713
puma sport shoes,1066
sex,38
Shoes,52593
white t shirts,9452
women denim jackets,33
womens watches,3663
bags for men,1312
basketball shoe,52597
black jeans for men,1039
compact,50
gas jeans,119
kook and keech,2096
lotus,178
maternity,508
plazoo,3
shoetopia,0
sneakers women,4683
sweatshirt for men,4527
zivame bra,598
adidas men,2348
belts for men,2241
black trousers,2486
chappal,1676
Crocs,1235
eyeshadow,430
formal shirts for women,37
Hilfiger,5881
lee cooper boots,70
lee shirts,646
nike flex,95
nike lower,128
Puma,6750
red tape formal shoes,153
shirts women,7131
woman tops,40886
women sling bags,4048
beardo,0
cargo for men,291
football shoes for men,26322
leather jacket for women,2
lengha,506
patiala suit,65
rigo tshirt,357
top women,40886
white sneakers men,0
belt for men,2241
canvas,4788
gift,290
maxi skirt,795
next bra,0
nike cr7,2609
shoes for kids,2090
shorts women,1680
shrugs for women,2311
superdry shoes,269
waist coat,814
woodland wallet,40
bb cream,43
choker,44
crocs kids,381
duppata,868
gq,420
Gucci,1
men belts,2241
shoes for man,26217
slipper for men,1019
sports jacket,191
sugar,250
superdry tshirts,458
white anarkali,173
beach dress,15
boys jeans,2253
Men Lapel Pins,333
Nike flip flops,26
plazzo set,1
thong,117
trackpant,6438
cotton kurti,824
dressberry watches,292
jacket women,3277
mango jeans,149
navy blue shirt,6727
nose ring,1930
party wear kurti,0
people jeans,325
roadstar jeans,1288
tennis shoes,59
beg,11822
churidar,110
crocs clogs,275
fastrack sunglasses,0
ginger by lifestyle,36
mizuno football shoes,142
nike joggers,12
plus size,713
polo t shirts,1262
puma shoes women,1234
tube bra,11
women shrugs,2311
flying machine shirt,771
gant,174
kurta sets for women,3756
madame dresses,108
men blazer,122
men lower,4203
mouse,214
riya,120
rolex watches,8488
sweatshirts men,4527
vans old school,22
women slippers,709
wrap dress,19
air max,70
bluetooth,38
full sleeve t shirts,7567
lee copper,1
long gown,23
Men Shorts & 3/4ths,b'404 page not found\\n'
mens belt,2241
printed leggings,550
red tape loafers,77
sera,743
short kurta,1609
sneakers men,9069
tommy high,9
vans shoe,482
wildcraft backpacks,791
adda,0
apple watch,0
belly shoes,2350
bluetooth speaker,16
cullotes,7
distressed jeans,3621
hats,13
lee cooper sneakers,301
mens chinos,5464
nike sneaker,195
suit sets for women,4164
sweatshirt for women,2346
yellow kurti,104
antheaa,248
chinos for women,966
fastrack watches for men,17
footballs,105
hrx shoes for men,209
ladies shoes,25860
men vest,829
mens,212337
mobail,4
pink dress,2030
Sangria,2012
women sweatshirts,2346
women white sneakers,834
Woodland shoes,261
black casual shoes,5813
Bluetooth headset,2
Bra,8250
designer sarees,0
gym tshirts,804
hair curler,0
hrx joggers,195
levis tshirts,359
running shorts,123
women jumpsuit,1227
bed,16
chiffon saree,681
couple t shirts,65152
full tshirt,2504
girls dress,7717
Kids T-Shirts & Polos,443
man jeans,13379
mango dress,283
men hoodies,4412
parx,1546
people tops,647
puma black shoes,795
swimming costume,0
adidas x,57
blazer for women,311
Football shoes,52697
hoddies,5844
jeans for mens,13378
joggers women,143
lipsticks,1355
men t-shirts,45226
mens trousers,9677
women wedges,3002
adidas football shoe,1556
air gun,0
Anarkali,1
biba women,2126
catwalk wedges,79
forever 21 dresses,1010
hrx t shirt,673
hrx tights,166
long maxi dress,4064
party wear kurtas,54
puma tights,136
shorts for girls,1269
sweaters for men,3681
tommy hillfiger,5881
white shirt for men,4940
women nighty,913
wrong jeans,417
adidas flipflops,75
boys shoes,1259
crocodile,599
full sleeves t shirt,7567
gowns for women,700
jockey women,385
pink kurti,89
shades,6419
mens crocs,457
oriflame,0
peter england,1488
puma shoes men,1936
reebok running shoes,435
shakumbhari,240
ucb shirt,1614
ucb slippers,37
wallets for women,2033
admiral,363
airmax,70
bag for men,1312
benetton,9339
bikni,609
caprese bags,2
chikankari,43
cotton pants,9787
cricket,53
Nike backpack,105
nike shose,1046
points,0
push up bra,538
reebok tshirts,333
sports wear for women,439
trishaa,57
wallet for women,2033
women casual shoes,4434
wrogn shirt,556
active wear,1135
blazers for men,1181
formal shirts for men,5348
g shock watches,62
john player,2923
kurta pajama,25031
rebook,261
sherwani,29
sparx slipper,0
timex watch,224
tommy hifiger,5881
W kurta,708
white t-shirt,9452
white tshirts,9452
American tourister,107
checked shirt,13119
denim shirt women,34
hanky,3
inddus,805
innerwear,14360
loffers,4464
mens hoodies,4412
party wear saree,1
phone cover,2
roadstar shoes,1051
adidas hoodie,22
Adidas slippers,75
chaniya choli,506
cotton dress,9861
hrx caps,38
iron man helmet,23
Kids Tops & T-shirts,18704
kurti with jacket,70
memory card,5
mom jeans,3
nike tracksuit,24
party tops,1262
reebok sandals,40
biba skirts,94
blue kurta,5429
card holder,51
damage jeans,0
designer saree,0
lace dress,632
leather belt,64
matte lipstick,171
patiala,47
pen,16
polos,6880
shoes for girls,1129
sparx sandal,76
track suit for men,190
Vero moda,4321
winter wear women,6689
women suit sets,4164
600new,5
bomber,830
boots men,1072
cushion cover,2281
denim shirts men,246
handkerchief,63
jockey vest,26
lavie sling bag,245
nail paint,606
puma black sneakers,411
puma floaters,85
puma sf,98
puma white shoes,2511
reebok track pants,75
white heels,386
bath robe,4
being human tshirt,211
cat,599
embroidered kurta,650
gerua kurta,181
head phones,61
iron,3
jerkin,218
leather boots,1049
linen saree,273
onitsuka tiger,46
overcoat,50
pajama,22
puma shose,2511
steal400,22
travel bag,163
anarkali suit,235
army,12
capris,1468
clarks women,786
cold shoulder top,899
espirit,18
Jacket,8227
jeans pant,464
ladies bags,1218
mango dresses,283
nike shoes women,280
off shoulder dress,430
puma sliders,19
underwear for men,683
van heusen,2525
concealer,179
denims,4096
flipflop,1676
game of thrones,75
go colors,190
guitar,4
hrx tshirt,673
men flip flops,1019
nike hoodie,13
span,149
tiny girl,1067
W kurtas,708
watch for women,3758
Women Panties,2012
Aurelia,787
beach wear,4
car accessories,5
chiffon sarees,681
cotton kurta,12580
green top,1707
idee sunglasses,273
levis jeans for men,396
mac lipstick,1355
mascara,64
messi,53
nike sandals,27
nmd,9
pubg,1
puma shoes for women,1234
roadstar shirt,1823
white converse,305
women bag,1218
women sling bag,4048
adidas sneaker,398
black shorts,1291
boat earphone,4
frames,921
honey by pantaloons,236
Jack and Jones,3767
Kurta sets,6084
Nike shoe,1046
plazo set,1689
printed t shirts,31518
promod,0
running shoes for men,3296
swim wear,1205
white pants,575
a,12274
aLL,1389
banarasi dupatta,11
condoms,1
ethnic skirt,125
forever 21 tops,1868
gucci shoes,0
hrx women shoes,195
inner,956
jhumkas,1272
Maybelline,357
mi band 2,29
mi phone,13
rolex watch,1
sandels,6452
shoes for boys,1259
tights for women,1079
watch men,5077
adidas stan smith,39
cotton jeans,19246
cotton kurtas,12580
jean,22632
mens denim jacket,91
nike boots,0
opt,789
pink tops,3860
rangmanch by pantaloons,565
sandle,1
shies,52592
skirts women,2999
sofa,36
sports wear women,439
straight pants,151
trousers women,9955
white shirts for men,4945
bell sleeves,1072
denim dresses,194
dress women,21221
facial kit,50
janasya,385
makeup brush,114
makeup revolution,160
party wear,1313
pure play,133
Shirts,53048
texco,997
trolly,0
vans women,337
w tops,52
adidas mens shoes,1107
bond street,281
converse white,305
giordano,0
kurthi,25031
ladies kurti,1567
lofer,4464
shawl,4
sky bag,2
Sneakers,13630
study table,114
tummy tucker,2
wallet men,1857
white pant,43
Women Boots,110
wrogn shoes,177
yellow dress,799
adidas bagpacks,156
Adidas tshirt,686
blazer for men,1181
clutches,1479
ethnic gown,4
ethnic jackets,108
fbb,0
full sleeve,95317
gym shorts,1
jwellery,20463
levis women,389
nike shoes for women,280
plazzos,3
power banks,135
sangaria kurta,25031
sex toy,0
tees women,9045
women suit set,4164
addidas football shoes,1556
asics men shoes,227
biba kurti,121
black shrug,459
briefs,2771
casual jackets,7477
cortina,539
crop tops for women,2181
ethnic crop top,55
eye shadow,435
fila sandals,33
hair serum,185
heels for women,10298
jacket kurti,9836
kurta plazzo set,22831
ladies kurta,23110
long coat,43
rakhi,104
red tape running shoes,156
shift dresses,11573
suj,52596
wall clocks,767
women socks,6
women suit,4350
Adidas sandals,68
Cap,712
coats,50
dildo,143
dohar,793
jacket for women,3277
jockey men,260
juventus,4
ladies watches,3663
lakshita,0
levis men jeans,396
mast & harbour,4678
mast and harbour jeans,355
maxi top,22
mbe kurtas,141
mens slipper,1019
next jeans,0
nush,51
puma ferrari shoes,2511
slippers men,1019
Vans shoes,482
women jeggings,998
woodland slippers,39
adidas sport shoes,946
arsenal,4
bagpack for women,2929
blush,272
footwear for women,28691
here and now kurta,455
huda beauty,2060
Jack and jones,3767
jhumki,1308
joggers jeans,243
ladies hand bag,11653
men black jeans,1039
party dress,24
patiyala,0
peplum top,47
puma bagpack,355
sliper,1676
superdry men,762
t shirt women,9045
t shirts women,9045
tshirt dress,94088
vaamsi,398
w women,1301
accessories,36794
aeropostale,1722
boys t shirt,10223
cardigans,949
couple t shirt,65147
cross,79
ecko unltd,1390
enamor,140
evening gown,0
forever 21 dress,1010
phones,2
salomon,312
scoup,158
swim,983
women backpack,2929
adidas duramo,18
baggit wallet,179
crocs shoes,415
dressberry footwear,973
ear phone,0
epilator,14
ether shirts,329
flared skirt,1339
frocks,7717
harpa tops,953
jacket kurta,33258
jompers,179
kids jackets,953
lee cooper formal shoes,142
nike jersey,38
nike track suit,24
puma red shoes,106
westside,1
white plazzo,0
wild craft,2187
woman watch,3758
yellow tops,2194
20 dresses,510
american tourister backpacks,32
ankle length jeans,334
batman,113
biba kurta set,795
black anarkali,213
blazzers,1205
book,3
casio gshock,62
crocs for women,720
girls shoes,1130
golden skirt,13
hoody,133
hrx men shoes,209
hrx white shoes,404
ladies purse,292
levis shirts for men,278
nike basketball,188
pepe,5154
pink top,3860
red tape jeans,37
Shirt,53048
sneaker for men,9069
speakers,27
swim suit,7511
trolly bag,0
white palazzo,42
women panty,2012
wrist watches,6
arrow shoes,0
biker jacket,132
caprese bag,2
casual tops,46499
diaper,269
grey sneakers,1537
jackets women,3277
jeggings for women,998
leather jacket for men,184
miamix,350
redtape shirts,262
shaker,39
ucb t shirt,1994
ucb women,1293
weight machine,0
white shoes for men,1622
women night suit,593
adidas ace,15
adidas hoodies,99
Adidas originals,709
anklet,86
black denim,64
chapal,1676
frock for women,28935
i phone,0
Jeans,22628
jeans mens,13378
jeans shorts,350
jordans,5
lakme cc cream,1
lofers,4464
michael kors,234
puma wallets,36
sonata watches,167
spykar men jeans,285
sun glass,6419
sweatshirts women,2346
tommy helfiger,5880
toms,75
top for girls,7782
tube,10
womens tops,40886
adidas predator,28
brief,2771
dresses for girls,7717
formal pants for men,2741
global desi kurta,315
jeggins,1386
kurta with jacket,2
maxi tops,22
nike running,415
police,194
puma flipflop,129
puma football boots,2541
quechua,0
sex toys,0
snikers,13632
sonata watch,167
stoles,143
tommy hilfiger shirts,1227
trouser for men,9678
trousers for women,5060
western dress,28939
adidas neo shoes,51
Bags,1418
chino,6635
ducati,40
duppatta,5
fanny pack,0
half sleeve shirt,331
hoodies men,4412
kurta skirt set,22838
lahenga,516
lux lyra,264
makeup pouch,8
maternity dress,18
new era cap,114
nike football studs,1064
single bedsheet,336
sketchers women,116
sports t shirt,2115
spunk,75
trousers for men,9678
wallet women,2033
women kurta sets,3756
women track pant,959
women tunics,2447
Adidas sneakers,398
Calvin Klein,1532
chappals,1676
couple rings,1929
da milano,180
holii,8
jack and jones shirt,1200
krishna dress,28939
Kurta,25031
lacoste watch,113
luggage bags,550
max,105
men denim jackets,91
men kurtas,1870
nba jersey,6
Next,5
Nike jacket,48
nivia football shoes,0
only you,139
pink heels,500
puma tsugi,43
rugs,721
sabhyata,146
sling,6542
sport shoes for men,4606
wildcraft backpack,791
winter jackets for women,1130
wireless headphone,45
woodland sandal,197
black saree,630
catwalk flats,263
cotton shirt,44352
duke shoes,430
gym t shirt,804
hood,3191
kazo dress,163
lip balm,91
long skirts for women,796
make up,2060
maxi dresses for women,4020
mi note 5,0
navy blue,44606
party wear for men,206
puma loafers,11
roadster shirts for men,1447
round neck t shirts,40252
sparx sneakers,108
sports tshirt,2115
superdry sneakers,103
wildcraft jackets,94
women suits,4349
zaveri pearls,1252
600NEW,5
aldo bags,0
aurelia kurta,423
bell bottom jeans,18
bossini,155
code by lifestyle,267
dress berry,21
dressberry bags,1
formal trousers for women,58
global desi kurtas,315
home theater,17172
iron man,3
john players jeans,359
kids footwear,2987
mens boots,1072
new look,8
only tshirts,1052
party gown,194
peter england shirts,569
puma future,61
royal enfield,155
s,714
saree for women,9023
sega shoes,23
silk dupatta,299
sugar lipstick,76
superdry bags,11
sweat jacket,367
sweatshirt men,4527
track pant for men,4203
watches women,3665
women crop top,2181
wrangler shirts,290
yufta,0
Allen solly,4054
allen solly women,354
backpacks for women,2929
comforter,350
dhoti pants,16934
duppatas,868
fila sports shoes,77
hair colour,22
high top sneakers,174
home,17169
jins,22627
lakme mousse,28
literide,27
moda rapido shirts,453
night pants,1
nike lunar,26
numero uno jeans,78
palazzo set,1689
redtape jeans,37
skater dresses,3619
Tokyo talkies,1760
ucb sandals,66
walking shoes,98
woodland sneakers,30
yellow kurta,1533
yonex,43
addidas sports shoes,946
adidas track suit,13
asics gel,192
black shirt men,2509
body shop,1
couple watches,0
edhardy,1019
ether jeans,189
Fastrack,34
floral dress,13
football shoes nike,1064
jack n jones,3767
laptop sleeve,39
lowers for men,4203
mast and harbour sneakers,397
mens formal shirts,2070
mens sliders,26
reebok sports shoes,526
reebok women shoes,162
school shoes,14
sofa set,0
sparky jeans,0
sports watches,165
superman,133
UCB,9339
women crocs,720
yellow kurtas,1533
zoeyam,282
adidas short,158
allen solly jeans,355
backless dress,0
basics jeans,101
basketball shoes for men,26221
boxer for men,409
carpet,1060
catwalk shoes,441
dressberry tops,1056
floral shirts,1293
hair,139
hair band,149
half sleeve shirts,331
hamleys,264
jack and jones tshirt,1302
kitchen,1584
manchester united,98
mangalsutra,43
Nike casual shoes,225
only shirts,608
regular fit jeans,3758
roadster jackets,352
roadster top,643
strappy tops,570
vivo,0
Watches,8488
white formal shirt,820
womens kurta,23110
ziyaa,733
adidas slider,5
bagpacks for men,2407
being human shirts,134
black kurtis,171
black tshirts,7919
blazzer,1205
boss,5
caprese wallet,49
Chelsea boots,26
crop tees,161
denim shirts women,34
duffel bags,53
forever 21 jeans,125
ikat,80
men bag,1312
nike superfly,15
nursing,46
party wear gown for women,2
plazo for women,370
plum,16
prowl,15
puma track suit,38
revlon,210
roadster tees,2077
underwear men,683
wall sticker,0
White sneakers,1862
yoga,0
adidas bagpack,156
adidas floaters,21
adidas tights,102
back bag,1
backpacks for men,2407
basketball shoes men,26221
black boots,805
blankets,793
boat shoes,230
flying machine jackets,94
flying machine tshirt,665
ghagra,506
highlighter,340
hunkemoller,341
invictus tie,112
kazo top,230
kurta pant set,2
kurta set for women,3756
lancer shoes,3
latin quarters,875
lower for women,959
office bag,15
pant for women,352
people top,647
rain jacket,108
sangria women,1930
sketcher shoes,0
t shirt under 250,1169
Tommy Hilfiger shirt,1227
washing machine,1
wedding,9
women belts,282
women shoe,25860
adidas sandal,68
adidas tracksuit,13
back packs,3447
biba kurtis,121
bmw shoes,23
dressberry flats,445
dryer,24
gym tshirt,804
hot pants,40
idee,273
jewellery set,2978
jokey,23
layered kurtas,331
mango heels,79
men boxers,409
men's joggers,1946
mens black jeans,1039
mens casual shirt,15963
ms taken,1
netplay,0
nike sliper,26
olive,6695
patiyala suit,0
polo t-shirts,1262
puma cricket shoes,20
puma mercedes,5
puma sweatshirts,328
rado watches,8488
red tape shoe,733
reebok shoe,691
sangaria kurtas,5
sangria kurti,12
skinny jeans,6656
skullcandy,0
snekers,13629
status quo,590
sunscreen,80
ucb white sneakers,308
adidas shoes women,287
adidas socks,25
adidas track pant,156
aks dresses,244
arrow sports,0
avaasa,93
basketball shoes nike,1046
bianca,464
bluetooth headphones,21
boys shirt,5835
cotton dresses,9864
denim kurti,1
Football boots,52698
globaldesi,1530
golden heels,1093
here n now,4645
kurta with plazzo,2
leather wallet,2045
lehengas,516
luggage bag,550
mango bag,50
mast and harbour shoes,1025
maxi skirts,795
mens cargo,32
mobile cases,2
next kids,3
night wear for women,3
one piece for women,1
pepe jeans women,804
portico,113
puma football shoe,2541
quilt,479
roadsters,10149
shoos,52596
slipers,1676
Sparx,393
steal500,22
suit sets women,4164
swaroski,5
sweaters for women,4204
tommy hilfiger jacket,76
under200,375
vape,0
white sneaker,1863
winter clothes,78788
wireless earphone,22
women t-shirt,9045
wrap top,91
wrogn sneakers,113
a line kurta,1401
addidas sneakers,398
Adidas bag,24
adidas originals shoes,381
anouk kurti,32
armani exchange,92
catwalk heels,142
clark,1842
compression,16
diesel watch,116
flat sandals,4885
football jerseys,11
green kurta,1244
hoops,364
hrx tshirts,673
jabong 200,9
ladies tops,40886
lakme compact,15
levis wallet,96
lp jeans,347
men hoodie,745
mens trouser,9677
nike tanjun,39
north face,103
reebok caps,26
superstar,3
Tommy Hilfiger jeans,315
tommy hilfiger women,1165
ucb flip flops,37
us polo shoes,278
watch for girls,44
Women Capris\, Shorts & Skirts,3326
women maxi dresses,4020
Adidas cap,94
anouk kurta sets,216
blazer women,311
champion,8
checked shirts,13118
chemistry tops,398
cigarette pants,20
couple,0
deos,977
eqt,46
hrx track pants,301
kraus,94
lace top,702
leggins,2714
loreal paris,18
makeup brushes,114
Men shoes,26219
men's jackets,3680
midi,2315
nose pin,169
pampers,1
roadster boots,60
roadster casual shirts,1820
rock.it,259
roush,56
ruffle saree,9026
sports watch,165
stocking,163
swimming,303
teakwood,422
tight,1198
track pant for women,959
tracksuits,436
tunics for women,2447
van huesen,0
white shirt for women,1131
women blazers,311
women wallets,2033
addidas running shoes,602
back cover,0
black palazzo,51
Calvin klein,1532
casual shirt for men,34772
collar tshirt,16480
comb,96
crocs mens,457
crop top for women,2181
deal,990
fame forever,85
handbags for women,11653
henley,3266
hodies,5844
jeans shirt for men,53789
kids watches,50
night suits for women,21
nike air max shoes,65
Nike football boots,1064
party wear shirts,224
pull over,3330
sandals for women,2117
sangria tops,102
solid tshirt,7571
sports cap,101
supra shoes,198
tinted,399
tommy Hilfiger jeans,315
tommy hilfiger wallets,202
velloche,1
vlcc,74
wildcraft shoes,202
women's watches,3663
adidas watch,0
asics running shoes,276
b,167
Bag,1418
blue top,9944
caprese sling bag,81
dark blue jeans,2417
denim shrug,2
edifice,89
girls frock,7717
high waist jeans women,172
jumsuit,1791
libas maxi dress,20
liquid lipstick,71
loafers for women,1151
men brief,683
men slides,10
men's shirts,40411
Nike caps,53
nike magista,9
olive shirt,715
padded bras,5747
party dresses,24
pillows,45
puma sneakers men,978
puma t-shirt,1592
shart,53670
sheer top,829
sleeveless kurti,199
sparks,3
sportswear,24869
track pants women,959
trimmers,48
u s polo shirt,246
under armor,0
white T-shirt,9452
windcheater,0
air,3
allen solly shoes,88
army shoes,1
azira,96
ballerinas,2350
carpets,1060
chain,41
delsey,33
formal dress,45
full sleeves tshirts,7567
haute curry,0
hrx shoe,404
hublot,0
inc.5,1008
Kids Twin Sets & Jumpsuits,563
lehenga for kids,205
levis 511,57
linen shirt,1727
mango handbags,37
men t-shirt,45227
men winter wear,25196
mens wallets,1857
mirror,12
my order,0
nike zoom,141
pepe jeans shirt,1213
playsuit,154
pretty secrets,1299
puma track pants,321
redmi note5 pro,3
salomon shoes,305
straight kurtas,1006
T-shirts,65150
tops under 500,14157
tshirt for women,9045
white,43028
white kurtas,2372
white shoes men,1623
black plazo,51
casual shirt men,15914
denim top,46
designer blouse,0
divena,97
dorthy perkins,4422
eavan,570
flip flops for men,1019
Jack & jones,3767
kids shirt,46
kurtis under 500,270
la firangi kurta,376
levis jeans for women,166
levis jeans men,396
levis men,1553
loreal lipstick,106
make up kit,621
mbe anarkali,105
men trouser,9678
mens blazer,122
mens perfume,2
nike for men,1683
nike kwazi,2522
nike sliders,5
pars,2922
pattu sarees,0
plain saree,0
puma white sneaker,1264
red skirt,192
redmi note 5pro,3
shrugs for men,118
tommy hilfiger navy blue casual shirt,210
toniq,403
trolly bags,0
white dupatta,70
white shorts,467
wildcraft bag,104
Women Shirts,7131
women sunglasses,6116
women's jeans,5716
adidas boots,0
adidas lower,155
american tourister backpack,32
anouk footwear,188
black sneaker,3230
blause,2066
bootcut jeans,27
cargo men,32
curtain,56
dr scholl,62
enamor bra,96
ether shirt,329
ethnic,12545
femella,194
girls tops,7782
golden dupatta,13
harvard shirts,355
headband,32
high neck,564
hot pant,40
hrx sport shoes,217
kurtha,25031
levis jacket,28
pantaloon,2144
Puma sneakers,1264
rain jackets,108
red tops,2655
reebok classic,26
riya kurti,2
roadster jacket,352
sandel,6452
shree kurtis,12
slide,92
sliders for men,26
sports tshirts,2115
t-shirts men,45227
tshirt women,9045
vero moda women,4316
white sports shoes,486
woodland shoes for men,242
Adidas caps,94
American eagle,0
and top,1598
badminton,43
beach,77
belts for women,282
black jegging,265
blue tops,9945
casual blazer,789
check shirt men,5271
cotton kurtis,824
Denim jacket,143
freedom 251 mobile,80
hasbro,65
lakme lip crayon,38
laptop backpack,256
latin quaters,0
linen sarees,273
Madame,2092
mark and spencer,1959
men sweaters,3681
men tights,82
men white sneakers,1036
men's t shirt,45228
miss claire,558
moda rapido kurtas,396
night suit for women,21
Nike women,734
nokia,1
party wear top,8
purple,6283
reebok sweatshirt,70
roadster denim shirt,2068
roadster sweatshirts,545
sexy dress,0
skinny jeans men,2905
socks women,6
soft toys,86
tommy hilfiger watches,133
vans for women,337
women pumps,2623
women's top,40886
woodland jackets,0
a line dress,3444
ajio,27
bath towels,462
brown formal shoes,1512
caterpillar,599
converse women,129
couple t-shirt,65147
decathlon,6497
even,516
full sleve t shirt,2504
fusion beats,134
g shock watch,62
golden top,65
grown,3
guess handbags,25
hrx cap,38
ironman,1
ladies handbag,11653
lee cooper shirts,360
levis sneakers,104
lip liner,143
lofar,4464
maroon top,1037
mens deo,531
mens sleeper,1019
new born,0
octave,344
olive green,23021
only and sons,137
printed shirt for men,10087
red kurti,119
reebok men shoes,501
reebok shoes for men,501
reebook,1595
Steve madden,710
superdry flip flops,107
trench coat,30
triumph bra,159
ucla,1
wax,70
woman jeans,5716
women anarkali,2171
Women Bras,8249
women coat,1
women's tops,40886
womens jacket,3277
yellow anarkali,129
adidas sweatshirts,127
adidas wallet,0
bath towel,462
biker jackets,132
blue heaven,1
bottom wear,68487
combo shoes,4
combo tshirts,73
converse men,278
dangree,365
fancy saree,0
forever 21 bags,29
guess watch,211
hrx jackets,151
ishin,305
jump suits,7511
kids toys,1589
lace bra,99
led tv,6
lifestyle,3798
lux cozi,46
mast and harbor,8668
maxima,69
maybelline lipstick,136
men suit,2015
men's watch,5077
mi earphones,13
navy blue shirts,6727
nike white sneakers,195
nova trimmer,0
numero uno,431
pepe jeans tshirt,1202
plus size tops,317
puma men,4997
readymade blouse,2068
ribbed tops,0
riya kurtas,118
roadster sneaker,696
saree blouses,2066
silver heels,332
strolley,545
superdry backpacks,30
sweater for men,3681
tommy shirts,1227
trackpants for men,4203
vans shoes for men,425
white shirt men,4940
women handbag,11653
women pant,352
women plazo,370
women sarees,9023
woodland belts,46
addidas neo,166
addidas tshirt,686
adidas flipflop,75
adidas gazelle,14
Adidas jacket,58
ahalya,0
aldo shoes,92
axe recharge,5
bandana,32
biba girls,631
charcoal mask,3
clarks shoes,1533
cotton pant,536
flying machine shoes,136
full sleeves t shirts,7567
full tshirts,2504
harem pants,6
high waist jeans for women,172
huetrap,1132
inc5,1008
jumper,6
kurta plazo set,22831
kurtas men,1870
kurti set,1563
men trunks,433
men winter jackets,1462
mixer,1
mothercare,137
net top,25
next dresses,0
nike shies,1046
nike shots,2522
north star,59
only dresses,534
pants for men,9677
ps4,182
red tape men shoes,537
roadstar shirts,1822
socks for women,6
vans black,115
vans sneaker,434
white dresses,2618
white jeans for men,102
white shirt women,1131
wild stone,0
women blouse,2066
wrogn t shirts,761
adda slippers,0
adidas yeezy,3453
baby dress,22
biba suit sets,1037
birthday gift,60
blackberry shoes,187
boys tshirt,10223
buffalo,210
denim kurta,12
diaper bag,1418
duptta,868
ethnic tops,593
floral shirt,1293
floral tops,2759
john player jeans,359
Jordan shoes,15
keychain,21
Kids Shirts,46
kurta set women,3756
mango top,446
men perfumes,2
men track pant,4203
nautica,794
NBA shoes,101
nike kyrie,4
nike mens shoes,713
Nike shorts,134
nike trackpant,128
pressure cooker,44
roadster black shoes,261
shoes mens,26217
sneekers,13632
T-shirt for men,45226
us polo t-shirt,1166
winter jacket for men,1462
women hand bag,11653
women saree,9023
woodland boot,30
adidas track,156
anarkalis,1
anouk kurta set,216
biba kurta sets,795
burberry,2
casual shoes for women,7365
charcoal grey printed,8598
crepe saree,421
cricket bat,0
dressberry watch,292
fila tshirts,102
foot wear,60734
forever 21 men,335
formal dresses,45
GQ,420
high rise,631
high waist pants,220
indifusion,149
jbl speaker,4
kobe,11
leather,19160
leather backpack,451
leather jacket women,17
long coats,43
man shirt,40411
mast and harbour shirts,565
melange by lifestyle,219
melange kurtas,132
men casual trousers,3843
men's sports shoes,4606
messenger bags,13
mocassins,1735
nayo kurti,16
nike running shoe,373
Nike t shirts,539
oakley,32
party wear dresses for women,306
people shirt,432
performax,20
peter england jeans,113
plazzo pants,0
puma slippers men,106
rain & rainbow,242
ralph lauren,6903
red heels,341
redmi 5,4
roadster grey melange,227
roadster joggers,58
slippers for women,709
swarovski,284
Tommy Hilfiger bags,11
traveling bag,163
trimer,48
varanga kurta,337
White shirt,6794
Women Shrugs,2311
adidas adilette,11
adidas shoes for women,287
aurelia kurti,114
baby walker,5
bardot top,528
bedding set,80
biba anarkali,87
bicycle,1
black plazzo,1
cargo pants for men,291
cartlon london,1
cricket spikes,6
e,127
forever glam,0
hrx bags,19
hrx shorts,86
khadi,64
lather jacket,190
lavie handbag,853
lewis hamilton,38
liberty,358
men formal shirt,2070
men loafer,3177
men shrug,118
men sunglasses,4454
mens tights,82
nike liteforce,2
nivia shoes,0
puma sleepers,129
puma tracksuit,38
red tape tshirt,146
runing shoes,4508
sarong,22
seven by ms dhoni,153
silk kurtas,434
skirt top,52706
sneakers shoes,13630
superdry shirts,32
toomy,5883
triumph,168
us polo shorts,357
v neck t shirt,2888
weighing machine,0
women slipper,709
women tunic,2447
women winter jackets,1130
womens shoes,25860
womens tshirt,9045
yellow,15653
adidas alphabounce,26
adidas studs,1556
AKS,1146
And,1627
arrow shirt,0
bean bags,1418
black handbag,2262
black shirts for men,2509
black solid kurta,363
blue saree,1431
Bluetooth speakers,16
buckaroo,134
coffee mugs,50
cotton shorts,7210
ear ring,1929
faballey tops,33
facial kits,50
formal shirt for women,37
h and m,8668
halter neck top,116
hand gloves,0
high waist,632
hypervenom,15
indoor shoes,237
inner wear,14357
kurta pants,41897
kurti sets,1563
lafirangi,449
lahnga,516
lakme primer,23
leather bags,126
long kurti for women,131
makeup kit,621
man tshirt,45226
maternity dresses,18
mayra,938
men denim shirt,246
mens sandal,3823
mens white shirt,4940
naari,235
nail paints,606
next shirt,188
party wear shirt,224
puma women sneakers,723
pyjama,446
red kurtas,1575
roush shoes,34
scarfs,369
short skirts,1636
shree maxi dress,289
skinn,0
sling bag for men,345
slipons,1676
sneakers mens,9072
soccer shoes,52701
socks men,563
straightener,24
table lamp,83
ucb loafers,33
vest for men,829
wet and wild,143
white jeans men,102
white plazo,42
Women jeans,5716
wrogn t shirt,761
wrong shirt,556
addidas bags,24
baggit sling bag,4178
bell sleeves kurta,0
black pant,32
black watch,2105
bra panty set,149
brooch,416
clarks men,787
cold shoulder kurta,78
couple watch,0
croc,1234
daniel klein,1256
denim women,172
dior,144
embellished dress,1253
esbeda,246
flat,6975
floters,488
formal pants for women,58
frocks for women,28935
Headphones,100
hidesign bags,16
hrx shoes for women,195
jacket mens,3680
jbl earphone,1
kalamkari,43
leather shoes for men,9129
Levi's shirts,325
levis shirts men,278
maternity nighty,34
metro shoes,696
mule,36
Nike football,18
Nike jordan,40
nike lebron,7
no show socks,4
p,62
red tape women shoes,194
redmi note 4,0
roadster sweatshirt,545
running shoes men,3296
serum,46
shirt for boys,5835
shoes puma,2511
sleeveless t shirt,1387
sneakera,13632
solid kurtas,3449
sport shoes for women,1622
suits for women,4349
sunglasses for men,4460
tees for men,45226
tissot watches,49
tommy hilfiger bagpacks,69
tommy hilfiger tshirt,1442
tommy wallet,202
two piece dress,1
ucb flip flop,37
versace,0
voylla,1089
wach,8587
watches for boys,21
wild craft bags,104
women flip flops,709
women sandles,191
Adidas neo,166
adidas orignals,708
anouk blue printed kurta,28
asics shoes men,227
baggit handbags,296
black,73493
black sandals,1856
campus sutra,1699
Caps,712
casual sneakers,3846
checked dress,748
colorplus,1301
distress jeans,3621
dressberry shoes,973
floral dresses,13
football shoes men,26322
frock suit,2179
front slit kurta,436
full t shirt,2504
garara,374
gown for girls,205
hoop earrings,387
hush puppies women,29
jbl headphone,6
jockey for men,260
kurta pyjama,25477
kurtas under 500,3589
lace,204
ladies hand bags,11653
Lee Cooper,2903
loafer for men,3177
louis vuitton,0
men leather shoes,9129
men sweater,3681
men T-shirt,45226
mi note 5pro,74
mustard tops,309
Navy Blue Casual Shirt,6298
nexus,22
Nike air max,68
office bags,15
pepe jeans tshirts,1202
phulkari dupatta,7
prada,0
pullovers,9179
puma canvas,238
puma school bags,80
running,4957
sangria dress,102
Sarees For Women,9023
sarre,9026
sheer tops,829
short kurtas for men,139
shurg,2415
slips,678
socs,607
striped shirts,3160
suit set women,4164
superdry backpack,30
top20,66565
tuxedo,35
us polo sneakers,163
us polo t shirt,1166
velvet dress,50
whey protein,0
white blouse,27
women jogger,143
yeezy shoes,52593
Adidas women,912
admiral shoes,109
air shoes,3
aks kurta set,72
allen solly tshirt,764
american eagle,0
anthea,3
army jacket,8231
best 25,0
black handbags,2262
bodysuits,96
bra panty,0
calvin,1534
calvin klien,1529
caps men,635
checked kurta,348
clovia,1146
couple tshirts,0
denim for women,172
disney,1033
ethnic wear for women,4322
footwear women,28691
formal black shoes,470
jimmy choo,16
john player shirt,1421
jumpsuit women,1227
key chain,6
Kids Shorts & Capris,612
kurthas,25031
lakme eyeliner,31
men jogger,1946
mens running shoes,3296
mens shoe,26217
messenger bag,13
mr button,285
my orders,0
night dress for women,8
night suit women,593
nightwear,18996
Nike mercurial,14
Nike studs,1064
only dress,534
paragon,0
party wear kurta,54
party wear suits for women,1224
pencil skirts,645
pepe jeans shirts,1213
plazzo for women,1
puma casual shoes for men,1101
puma tshirt men,1341
punk,555
redmi y2,30
roadster black jeans,143
roadster men shirts,1447
round neck tshirt,40252
safari,147
sport bra,889
street 9,720
tights for men,82
ultraboost,52
van heusen tshirts,215
varanga palazzo,16
visudh kurta,832
Watch,8587
white tops for women,5879
winter jackets for men,1462
women gym wear,7
Woodland sandals,197
yellow saree,529
addidas slippers,75
adidas tubular,20
almirah,0
athena dresses,395
aurelia pants,69
band,10
black pumps,849
blouse for women,2066
blue chinos,1345
brouges,3
casual pants,14843
casual shoes women,4434
chikan,165
Clark's,1842
cold shoulder kurti,9
crocs flip flops,431
denim shirt men,246
doll house,95
dorothy perkins dresses,1037
embellished kurta,540
evening gowns,0
gaun,906
green kurtas,1244
hot glue gun,28
hrx women,923
imli street,283
jack and jones shoes,158
jaipur kurtis,859
JC collection,1163
jurado,347
Lacoste,114
lakme 9 to 5 lipstick,39
lip scrub,1890
long shirts,44554
lovely chick,391
mattress,26
memory cards,5
men clothes,138744
men formal shirts,2070
metro women,679
moccasins,1735
mode by red tape,121
nike jordan shoes,15
nike shirt,532
one shoulder top,193
over coat,50
pant for men,1
petticoat,0
phone covers,2
platform heels,172
plus size dresses,65
puma sandal,132
puma trackpant,321
quilts,479
Red tape shoes,733
sd card,1
shree dress,313
summer jacket,3391
t shirts for boys,10223
t-shirt men,45227
tan shoes,3352
the north face,103
Tommy Hilfiger shoes,196
tops for womens,40887
tube tops,10
van heusen shirts,910
varanga plazzo,0
woman kurtas,23109
women capri,889
women's kurtas,23110
199,7
addidas women,912
adidas eqt,46
army pants,16866
army tshirt,65149
asics basketball shoes,361
asics shoe,361
banarasi saree,32
bands,10
basics tshirts,383
bata sandals,69
bio oil,8
bitterlime,207
black blouse,133
black wedges,790
blackberrys,4425
bow,419
brown boots,554
Carlton london,2009
coin purse,3
colour plus,1301
converse all star,17
denim shorts men,133
denim shorts women,4
derby shoes,2164
dove shampoo,10
dressberry heels,428
eye frames,985
face serum,46
feeding dress,251
fila men,505
floral,13299
formal,1758
glitter top,1
golden blouse,45
googles,6419
grey shoes,4039
High sneakers,242
Hollister,1
hrx jacket,151
jack and jones t shirt,1302
jute bags,6
kurta dress,53967
kurti with plazo,1
ladies slippers,709
lavie sling bags,245
leecooper sandals,171
Levi's jeans,562
levis women jeans,166
Maybelline lipstick,136
men bags,1312
men formal trousers,2741
Men jeans,13378
men leather jacket,184
men trunk,433
mens belts,2241
mens boxers,409
mens sport shoes,4606
Mobile phones,2
moda rapido kurta,396
mojari,62
mustard,1475
net bra,0
New balance,233
nike bottle,8
nike glove,4
nike Jordan,40
nike tennis shoes,20
nike tiempo,0
nykaa,0
o3,73
offers,990
old skool,22
pants women,5060
printed tshirts,31519
puma trackpants,321
pumashoes,1
rebook shoes,1
red tape boots,31
ribbed top,9
road star,2
rose gold watch,60
satin saree,564
sewing machine,0
short dresses,6999
Shorts,9845
skybags backpack,35
sparx running shoes,204
sports shoe for men,4605
studio rasa,172
superdry women,457
tommy hilfiger belt,276
track jackets,14665
track suits for men,190
tripod,13
trisha,57
trousers men,9678
upper,8
veromoda tops,1713
wedding wear,1224
wrap tops,91
yonex badminton shoes,36
addidas basketball shoes,1503
adidad,3453
Adidas bags,24
adidas black slider,1
adidas trackpants,156
aks kurti,6
anouk sets,1242
archies,283
arrow trousers,0
asics cricket shoes,0
ba,7
beyblade,1
black pants,2486
black tops for women,6239
black watches,2103
bwitch,144
condam,1
cycles,12
diesel watches,116
dry fit,2310
face massager,27
fila shoe,339
fila slippers,11
flared pants,178
flying machine t shirts,665
garnier,20
girls shorts,1269
hand bags for women,11653
heel,10304
here and now shirts,568
high sneakers,242
hrx running shoes,192
HRX shoes,404
indigo nation,201
indus,805
jeans for kids,483
jwellary,20462
knee support,0
knife,1
leo sansini,528
lipstic,1355
Liverpool,1
lofar shoes,4464
long boots,48
lower men,4203
maroon dress,677
maroon kurti,29
mast harbour,4678
Men Sleepwear,112
mens lower,4203
mesh shoes,6053
nba t shirts,23
net saree,94
night gown,915
palazzo for women,370
party wear suits,1224
pink,22270
Plazzo,3
printed t shirt,31518
puma rbr,49
puma rebound,23
puma tazon,8
red palazzo,18
red tape slippers,0
Reebok tshirts,333
roadster men,7046
robe,135
sega,578
sepnew,0
seven shoes,33
spaghetti,14
sport shoe,6243
sports t-shirt,2115
sprax shoes,0
suit for men,2015
Superdry,1210
supporter,0
swayam,1574
tee,65147
tommy shirt,1227
tshirt dresses,94088
ucb casual shirt,1605
ucb shirts for men,1194
under garments,1839
uspa tshirt,1166
women white shirt,1131
womens watch,3758
yellow tshirt,2521
yezzy,0
zara shoes,52593
zink London,708
adidas ultraboost,52
adidas watches,0
allen solly wallets,57
alom,310
asics tiger,69
Backpacks,3447
bagkok,123
barbie doll,15
bat,6
beard,15
black caps,165
blackberry shirt,1658
blender,6
boot for men,21
bottles,67
boult earphones,10
bracelets,1515
camla,520
caprese wallets,49
casual jacket,7477
catwalk sandals,1
coat for women,1
cobblerz,117
compression shorts,0
converse black,75
cotton pants for men,5990
Dc shoes,0
electronic,27
f gear,0
fitness watch,0
fugazee tracksuits,436
full sleeves tshirt,7566
girls watch,44
global desi tops,303
green kurti,93
Hrx,2838
jockey vests,26
juttis,62
Kids Winter Wear,3985
kurta palazo set,22830
leather bag,126
lehenga for girls,205
loafers men,3177
long jackets,6426
long sleeve,95317
man jacket,3999
manchester city,61
maroon tops,1037
marvel bags,9
mbe kurta,141
men's jacket,3680
mobile charger,0
mxs,0
Nike hypervenom,15
nike sports,643
Nike sports shoes,821
one piece dress,28942
oppo,1
oxfords,411
pepe jeans jacket,110
plazzo kurta set,1
plus,713
polo shirts,1939
poncho,24
proline active,447
puma shoea,2510
pure silk saree,2373
red tape sandals,138
reebok flip flops,43
reebok sport shoes,526
refrigerator,0
riya kurtis,2
shin guards,4
sin,1
skull candy,0
sleeping bag,1418
sleeveless t-shirt,1387
sleeveless tops for women,8109
slime,559
slippers for boys,172
solid tshirts,7571
sports shoes women,1622
superdry tshirt,458
sweater for women,4204
teddy,51
thermal,294
tommy hilfiger bags,11
tomy hil,0
ucb shoe,567
ucb sweatshirt,350
ucb white shoes,567
vans men shoes,425
voi jeans,200
w skirt,25
w top,52
wet blue,270
white casual shirts,5886
white saree,156
women anarkali kurta,2167
women blue jeans,4408
women bras,8249
women denim,172
women leather jacket,17
women nightwear,17169
women's jacket,3277
adidas basketball,4
all about you kurtas,357
baby doll,413
baseball cap,41
beach dresses,15
beige heels,1061
bell bottoms,1
black tees,7919
bluetooth earphone,10
boys jacket,624
brown,21787
chelsea boot,26
chudidar,110
chumbak,177
corduroy trousers,155
cotton nighty,573
cream,4705
crocs footwear,1234
cusion cover,0
denim shorts for men,133
diapers,1
dorothy perkins heels,548
dslr,0
electric kettle,1
elle 18,917
ether shoes,193
fit me,25
games,1479
gini and jony,6987
Giordano,0
golden kurta,32
green dress,917
grey melange,26
hat,13
Hummel,1001
hush puppies shoes,326
Jaipur kurti,859
jens for men,13379
jockey sports bra,3
kalenji,0
killer shirt,66
kolapuri,0
lahenga choli,506
laptop bagpacks,256
leather jackets for men,184
lofer shoes,4464
louis phillipe,1893
louis phillipe shirts,986
mast and harbour heels,210
maternity bra,6
Men Formal Shoes,4855
mens blazers,122
mixer grinder,0
mizuno running shoes,109
mobil,4
mop,3
navy blue jeans,2469
night pant,17
nightdress,915
nike court borough,23
nike men shoe,713
nike sneakers men,130
nike track jacket,176
nubella,86
outdoor shoes,137
pantaloons women,1668
pants for girls,782
puma sleeper,129
rare roots,247
ready made blouse,2068
rig,21
roadster t-shirt,2077
rookies jeans,141
rose gold,723
safari bags,110
sarara,27
saress,9026
shape wear,25
skybags backpacks,0
slim fit jeans,11132
solid t shirt,7571
sparx casual shoes,113
superdry jackets,19
superdry slippers,107
t shirt mens,45226
T-shirt men,45226
the souled store,0
tishirt,65147
ufo,1303
varanga kurtas,337
White shoes,3469
white tee,9452
wills lifestyle,2923
women bellies,2009
women flip flop,709
woodland loafers,96
wrist watches for men,1
yoga pant,0
Adidas football boots,1556
Adidas shorts,158
ahalyaa,225
akriti,282
alics,17
anarkali for women,2171
army boots,2328
baggit bags,1
bare denim,778
beard oil,2
benera,35
black belt,1016
black suit,669
Blazers,1205
blue jeans men,11111
bluetooth speakers,16
body spray,7
ck watches,0
Colombia,701
dark blue shirt,7
denim kurtas,12
doc martin,0
dresses women,21218
fancy sarees,0
fastrack bags,0
flared palazzo,125
formal trouser,2845
glue gun,28
goggles for men,58
green shirt,1624
gucci men,1
hair brush,96
half jacket,2
handloom saree,0
head band,2
hey,2
high low top,235
hm,81
hooded t shirt,288
hrx bag,19
hummel jacket,36
ibso,0
Indian terrain,2485
jack and jones sneakers,131
jockey boxers,2
jockey panties,34
jockey tshirt,270
khadims,0
kids football shoes,2083
kook n keech disney,384
kook n keech sneakers,181
kurtas with jacket,2
ladies sandal,2117
lee cooper loafers,112
libas suit sets,70
long anarkali,175
maybelline foundation,20
me,1171
men blazers,122
men boxer,409
Men Dresses,1
men ethnic wear,4628
men polo t shirt,800
men sport shoes,4605
mochi footwear,829
my account,0
nba tshirt,68
nike dry fit,136
Nike shoes for women,280
nike short,134
parx trouser,138
pendant,1180
Philips trimmer,19
piano,6
printed t-shirt,31517
puma breaker,9
puma white shoe,2511
rangriti kurta,666
red chif,501
red tshirt,3771
roadster shoe,1051
sagria,2012
sale,1675
salwars,240
shoe laces,24090
shoe polish,0
skechers men,137
smytten,1437
spykar tshirts,344
straightner,0
strappy top,570
superdry jeans,17
T-shirt for women,9045
tees for women,9045
travel,4042
trekking bags,2
tshirt for mens,45226
Tupperware,0
UCB shoes,567
ucb trousers,507
us polo jackets,239
us polo men,3307
vans men,427
vimal,1397
visudh kurtas,832
W for women,1301
w women kurta,708
wedding gown,0
WELCOME401,0
white shrug,215
woman flats,6590
women panties,2012
women's jackets,3277
womens kurtas,23110
wrong shoes,177
ywc tshirts,475
2 go,142
air force,0
akriti by pantaloons,282
bacca bucci,449
beachwear,946
beauty,2060
belt for women,282
biba salwar suit,795
block heel,3604
bodyshop,1
Buat,16
cal,73
causal shoes,0
celio shirts,348
charger,4
checked trousers,333
club york,780
colorbar lipstick,157
Converse shoes,158
copper water bottle,0
cotton,191323
de,887
denim shoes,10
dress for women,21218
dressberry handbags,261
dune london,218
ecko unltd shirts,480
ed hardy tshirts,400
either,2115
eye glasses,6483
fab alley,118
fila t shirt,102
flying machine jacket,94
flying machine shirts men,599
gerua kurtis,5
gerua maxi dress,9
gladiators,104
golden tops,65
half shirts,331
home theatre,17169
hooded,625
hrx hoodie,31
hrx jeans men,272
hrx men,1990
hrx t shirts,673
hummel shoes,334
iron box,0
jack and jones t shirts,1302
jacket for boys,624
jecket,8227
john players shirt,1421
jumpsuits women,1227
Kids Ethnic & Party Wear,226
kids jacket,953
kurta skirt sets,22838
leecooper shoes,877
lehenga for women,311
lengha choli,506
levis jeans women,166
light shoes,52816
lunch bags,1418
mens suit,2015
mexi dress,4115
mi watch,0
midi dresses,109
mmojah shoes,77
mobile pouch,2
monte carlo tshirts,761
muzino,0
new600,0
nik,135797
nike college bags,105
nike floaters,4
nike school bag,26
nike sweatshirts,40
one shoulder,302
ovs,3
oxidised jewellery,584
party wear gowns for women,2
pink skirt,220
pleated skirt,222
pretty secret,1299
puma sports shoe,1066
puma studs,0
pyjama women,870
rain and rainbow kurtas,150
red chief sandals,76
red sandal,187
red tape wallet,0
redtape shoe,733
roadster black sneakers,175
roadster shirt for men,1447
running shoes for women,1271
running shoes women,1271
saloman,312
sandal for men,3823
satva,183
shaily sarees,1275
shorta,9845
silk anarkali,30
spark shoes,10
steal 500,21
stud,1679
sun glasses,0
superdry t shirts,458
Swarovski,284
sweat jackets,367
sweaters men,3681
swimsuits,1205
tommy tshirts,1443
tracksuit women,42
united colours of benetton,9342
vans black shoes,115
vip,7
w for woman,1301
woman top,40886
addidas caps,94
Adidas socks,25
aeropostale shoes,123
artificial flowers,324
Asics,552
avon,5
bathroom slipper,3895
bathroom slippers,3895
below 200,1540
benetton sneakers,308
Biba,2757
biba plazzo,2757
bike accessories,26
black formal shirt,253
black skinny jeans,663
body lotion,142
brown sneakers,766
casio g shock,62
Clarks,1842
converse shoe,158
couple ring,1929
crocs slipper,431
crocs slippers,431
daniel klein watches,857
denim jacket for men,91
denver,4
deodorant,154
distressed jeans women,967
dr scholl women,42
dress for girls,7717
egle,53
essence mask,6
fasttrack watch,31
fleece,379
flip flops women,709
football trainers,7
footballshoes,105
forever 21 women,4544
formal shoes by lee cooper,142
fossil watch women,161
fruit of the loom,0
fugazee,0
glass frame,7341
goalkeeper gloves,0
hand towel,176
hangers,37
heeled boots,26
high ankle shoes,28
High waist jeans,328
hooded shirts,18
hrx mens shoes,209
huda,1
hummel men,663
invictus shirts,481
jack and Jones,3767
jackets for man,4001
jockey briefs,78
john players trousers,507
kaftan dress,14
kutis,1609
ladies suits,4349
ladies tshirt,9045
lakme nail polish,52
levis shirt men,278
loafers women,1151
makeup bag,3478
maroon jackets,229
mast and harbour flats,101
maxidress,4115
men grey jeans,888
Men shirts,40411
mens flip flops,1019
mens jogger,1946
mexx,27
n gal,570
necklace for men,7
new balance men,93
night,1267
nighty for women,914
Nike backpacks,105
nike boys,235
nike chroma,12
nike cricket,6
nike football shoes for kids,1064
Nike men shoe,713
nike men sneakers,130
nike sb,28
nike shorts men,111
nike sleepers,26
nike t shirt men,369
nike tshirts women,44
oppo f9 pro,20
pantyhose,1
party wear dresses for men,0
pepe jeans jeans,1051
polka dot dress,180
proline tshirts,361
pumq,2
purses,0
raymond,876
real madrid,212
Red Tape shoes,733
Reebok shoe,691
roaster t shirt,2077
saare,9026
safety shoe,1
school bags for boys,185
sendal,6452
shirt dresses,22
side pocket jeans,1
sleeveless jacket,927
slipon shoes,1473
sparks shoo,2
sports pants,16
superdry bag,11
swimming shorts,13
thermals,294
tiger,128
timberland shoes,89
tommy hilfiger jockey,6582
Tomy Hilfiger,0
Trouser,16862
tube dress,2
ucb sneaker,308
upper inner wear,14357
v neck t shirts,2888
value pack,302
vans sk8,14
vibrator,0
Victoria secret,0
w palazzo,26
w skirts,25
waist belt,41
watches for girls,40
white loafers,102
white snekers,1863
white t-shirts,9452
white trousers,575
white tshirt for women,1683
woman,275625
women boyfriend jeans,72
women clutch,1523
women's shoes,25860
womens blazer,311
womens kurtis,1567
3/4,b'404 page not found\\n'
abaya,1
adidas sandle,3453
Adidas shoe,1498
adidas yking,4
ahoes,52596
alcis women tahiert,249
alphabounce,16
antony morato,243
asics shorts,19
Aurelia Kurta,423
aurilia,787
backpack for men,2407
bags for kids,10
bags men,1312
basics shirt,730
biba dress material,0
biba leggings,15
biba top,99
black denim jacket,15
black printed round neck,6163
black skirts,757
black slim fit jeans,899
Black sneakers,3230
blue formal shirt,2076
bluetooth headset,2
braun,37
brown shoes,5536
chandbali,103
chocolate,42
clark shoes,1533
collage bags,1532
converse white sneakers,148
corcs,56
CR7,87
cricket bats,0
crocs for boys,323
crocs grey clogs kids,20
cycling shorts,5
denims for women,172
dorothy,4422
electronics,27
face cream,224
face pack,91
face primer,46
fashion string,207
fastrack men watch,17
ferrari jackets,21
fila slides,0
fila women,103
flared skirts,1339
floater,12
formal pant for men,2741
formal shirt women,28
formal shirts men,2075
fossil wallets,45
gel eyeliner,41
gerua kurta sets,18
hair spray,14
high neck tops,605
highlander shirt,416
Indian terrain trousers,403
javkets,8227
jockey bras,172
john miller,126
kids crocs,381
kids sport shoes,299
kool n keech,2096
kurta and plazzo set,16
kurta shirt,674
kurti with skirt,123
ladies pants,5060
ladies sandals,2117
ladies sports shoes,1622
led shoes,1
Lee,3789
lee cooper sandals,171
levies t shirt,359
levis backpack,33
long dress for women,4020
makeup box,621
mandarin collar,1
mast and harbour tops,322
maxima watches,69
maybelline mascara,9
men casual jacket,3433
Men jacket,3680
men jens,13378
men ring,269
mens short,4545
mens socks,563
mi band 3,1094
mi power bank,148
midi skirt,567
monte carlo track pants,112
monte carlo tshirt,761
next boys,3
next men,233
Nike air,170
nike flip,26
nike flyknit,20
Nike slipper,26
nike spikes,0
nike sports shoes for men,559
nike tracks,0
parker pen,1
pencil pants,3
penty,2012
pink shirts,2352
polo t-shirt,1262
proline joggers,60
psg,0
puma lazy,26
puma nrgy,95
puma polo tshirts,2854
redtape sports shoes,158
reebok running shies,435
samsung,14
samsung level u,2
sandels for men,3823
sangira,2012
skirts for girls,951
sleeveless jackets,927
sony headphone,0
spykar jackets,52
spykar men shirts,613
strip jeans,22627
striped top,3683
summer hoodies,2151
superstar shoes,38
Supra shoes,198
t shirst,65149
tiger shoes,93
Timberland,256
timex expedition,3
tommy hilfiger men,3710
tommy watch,133
tools,142
toomy hilfiger,5881
track pant women,959
truffle,630
u.s.polo shirts,1909
ucb t-shirts,1995
underwear women,2015
w legging,30
w pants,222
white jeans for women,182
white tshirt for men,6196
woman shoes,25860
women caps,188
women gowns,700
women lowers,959
women palazzo,370
women trouser,9955
Women Winter Jackets,1130
woodland jacket,0
200 rs,9
400NEW,5
adidas jersey,60
adidas shoea,1499
Adidas sports shoes,945
Adidas stansmith,6
adidas wallets,0
adidas white sneaker,398
ankle length socks,109
Annabelle,316
arrow jeans,0
bathrobe,4
benetton shoes,567
best25,1
biba for women,2126
black pant for men,1
black shoe,14453
blue kurti,337
body mist,20
bodycon,270
boys watches,21
bra and panty,149
bralet,0
brown loafers,936
brown shirt,800
capris for women,889
cardigan for men,283
cargo shirts,1
casual shoes for me,1
casual trousers for men,7787
celio shirt,348
chambor,0
checked pants,333
checks shirts,6308
chelsea boots men,0
clovia bra,606
cold shoulder kurtas,78
crocs swiftwater,57
crop top and skirt,24
dinner set,129
door curtain,468
double bedsheet,1370
dress material women,1736
duke t shirt,640
e2o,362
ed hardy jeans,224
embroidered top,608
eminem,8
ethnic pants,162
fastrack watches for women,14
flat sandal,4884
flip flops men,1019
fogg,3
formal belts,392
formal cloths for women,268
fur jaden,0
glass,6420
grey shirt,3522
gym t shirts,804
Gym wear,92
half paint,1
here&now,4645
high waist shorts,100
hoodie men,745
hrx hoodies,149
hugo boss,5
indulekha hair oil,27
inners,14358
jackets for girls,360
jaipuri kurtas,25031
jaket,2
jealous 21,307
jordan tshirt,6
k,518
kids jeans,3533
kids lehenga,205
Kurta for men,1870
kurta pant sets,2
la zoire,121
laptops,665
lehanga choli,506
levis men shirts,278
lofars,4464
lp shirt,986
madam,710
madame jeans,13
Manchester united,98
mango tshirts,202
mangtika,121
marks and spencer women,1299
mast and habour,4678
Mast and harbour,4678
mast n harbour,4678
men jogger jeans,194
men nike shoes,713
men sliders,26
men's hoodies,4412
men's kurta,1870
men's watches,5077
mens boot,21
mens innerwear,3452
mens trackpants,4203
mens white shoes,1623
mi 5a,13
miaminx dresses,183
mojaris,62
mojris,0
mufti jacket,1
nauti nati,1348
neck pillow,9
nike benassi,10
nike black sneakers,71
Nike boots,0
nike downshifter 8,3
nike epic react,13
nike hoodies,28
nike kawa,9
nike man shoes,713
nike shoes football,1064
nike sports shoe,821
nike tees,539
nike woman,734
nike women sneakers,52
offshoulder tops,48756
olay,0
one peice dress,13
palazzo kurtas,25401
panda,8
plain tshirt,0
polos for men,3452
puma bmw sneakers,19
puma smash,57
rainbow,1024
red shoes for men,606
red sneaker,427
red tape trouser,64
red tape white sneakers,129
reebok slipper,43
rigo black,95
rigo tesert offer,546
ROADSTAR,10149
sangria suits,219
saree shapewear,8
sarri,9026
shoes football,52701
silver chain,4
sindoor,0
soap,41
solid top,5177
sports wear men,2037
su,4
summer jackets,3391
sunglasses for women,5320
t-shirt dress,94083
tomy Hilfiger,0
Tomy hilfiger,0
Tops,48757
torn jeans for men,735
tracking bag,7856
travel backpacks,103
tshirt mens,45220
tshirts women,9045
Ucb,9342
ucb boys shirt,364
ucb shorts,450
us polo loafers,33
USPA,6719
vans black sneakers,102
vans oldskool,22
vans shoes men,425
welcome601,0
white pallazo,43029
white sneakers for women,834
woman panty,2015
women night wear,3
women vans,337
women's watch,3758
womens handbags,11653
Zara,2
zara perfume,20
accesorize,1685
addidas cricket shoes,6
addidas shorts,158
adidas mens shorts,118
adidas outdoor,15
adidas sbeakers,398
Adidas t-shirt,686
aks saree,12
aks tops,134
aline kurta,1
amway,3
amydus,0
anarkali suits,0
ankle boots,291
apple,87
ask,22
axe perfume,0
baby lips,34
bag men,1312
baniyan,11
barcelona,20
basics shorts,25
beauty blender,4
biba palazzo,6
black jacket,1852
boys kurta,21
brown leather shoes,2608
bucket,20
calcetto,2
calvin klein underwear,547
capries,1468
Carlton London,2009
carton london,1
casual bag,295
check kurti,1608
Chelsea shoes,77
chukka boots,21
cigarette pant,20
coat pant,146
coats for women,1
cortina door mat,26
cosmatic,2060
cotton track pants,2347
crop pants,471
decor,3313
dorothy perkins tops,1073
double bedsheets,1370
drop earrings,4774
duke loafers,97
emporio armani,31
ethnic wear for men,1357
fila backpacks,4
fila flip flops,11
fila mens shoes,309
filp flops,0
football kit,105
formal shoes for women,614
formal tops for women,50
fort Collins,41
full sleve tshirt,2504
full t shirts,2504
G shock,62
gant shirts,50
gap tshirt men,0
gear bags,5
girl dress,7717
global desi top,303
grey heels,374
grey leggings,128
grey trousers,1869
Gucci shoes,0
harvad jeans,168
headfone,102
high neck top,603
hollister,1
hoodie for men,745
hrx t-shirt,673
imara suit sets,65
invicta,26
jack & jones shirt,1200
jacketa,8231
jean shirt,76298
jeans us polo,859
jenes,3818
kanjivaram saree,0
kook n keech jeans,210
kurta pants set,22840
lacoste sunglasses,0
levis belts,113
lingrie,17081
loafers for kids,174
locket,14
loffer shoe,4464
loofer,4464
mac foundation,24
man sandals,3827
man t shirts,45226
manyavar,262
marks and spencers,1959
mast and Harbor,8668
men cardigan,283
men floaters,363
men footwear,31070
men short,4545
men sling bag,345
Men Suits & Blazers,3197
mens basketball shoes,26229
mens denim jackets,91
mike,3
mineral,135
mobile accessories,0
mochi sandal,202
mom to be,6
nightsuit,29
nike Basketball shoes,1046
nike black,888
nike caps for men,53
nike footwear,1099
nike men jackets,39
nike sleeper,26
nike track suits,24
nike vapormax,0
noise,86
office wear,7506
one piece dress for women,21218
paded bra,5747
pepe shirt,1213
peplum,109
plain black kurta,2588
plain white kurta,0
plazzo pant,353
puma hood,189
puma hybrid,2
puma jogger,50
puma running shoes for men,524
puma slipers,129
puma slipons,129
puma t-shirts,1592
radtape,1468
rare dress,186
red embellish kurta,42
red tape women,233
refer,1
ripped jeans for men,735
ripped jeans for women,394
roadster for women,3234
rowdy,9
salwar suit set,6085
samsung mobile,0
sangria dresses,102
sangria top,102
saree silk,60
sarees for women,9023
saries,9026
shoes nike,1046
side bags,1418
single bedsheets,336
sketches,8
skirt and top,1709
skybag backpack,35
slash knee jeans,452
slides men,10
soft toy,86
sparx sleeper,0
sports dress,5
sports jackets,191
sports socks,11
spyker shirts,648
sree,9026
Steve Madden,711
steve madden heels,96
stilleto,2188
stylish kurti,1609
suit material,3
suits sets,6867
t shirt dress,94083
t shirt for boys,10223
tanks,738
tant saree,0
tea tree oil,324
television,12
tent,5
tissot,49
titan perfume,5
tokyo talkies maxi dress,164
Tom tailor,974
topman,1
tote,843
trisha by pantaloons,57
turtle,1
u.s. polo,774
us polo boots,8
waist chain,17
wardrobe,54
water heater,0
women jewellery,19216
women party dress,1049
women sports shoe,1622
Women sweater,4204
Women Tops & T-shirts,49931
women winter,52480
woodland sandels,197
wow shampoo,9
wrangler jeans for men,252
yellow maxi dress,93
zaveri,1252
accesories,1685
adidas bounce,14
adidas men sneakers,285
adidas neo sneakers,38
adidas originals men,467
adidas sneakers men,284
adidas tshirt men,431
air Jordan,1
Aks,1146
aks anarkali,184
aks blue kurta,177
and green,271
ankle jeans,398
anklets,86
anouk maxi dress,11
army shirt,0
asics sneakers,45
bandhani,39
beige dupatta,44
being human jeans,29
biba dresses,117
black jeans mens,1039
black polo,394
blazer men,122
blue dress,6666
blue jeans for women,4408
blue maxi dress,849
blue solid shirts,2338
bluetooth earphones,10
bumchums,0
butterfly handbags,243
caps and hats,13
casual dresses,24646
caterpillar shoes,81
checked kurtas,348
cheks skirt,0
clarks men shoes,696
cleats,2252
coloured pants for women,1671
converse men shoes,151
cotton dress material,1022
crochet,30
crocs lite ride,1234
crogs,1234
cushions,169
denim dress for women,147
dressbery,4670
dryfit,74
dslr camera,0
Elle,915
ethnic sandals,0
face mask,91
fendi,0
ferrari shoes,3
fila sport shoe,77
flared dress,4974
footware,60748
formal loafers,19
formal skirts,7
fossil men watch,164
fossil watches for men,164
fossil watches men,164
fossil women,328
friends,227
g star raw,0
girls sneakers,476
girls t shirts,732
global desi tunics,102
golden leggings,6
golden pants,19
green dupatta,54
gym shirts,53668
hair clips,91
harem,39
harpa top,953
here,4647
high low tops,235
high rise jeans women,172
highlander joggers,27
hrx casual shoes,184
hrx pants,69
HRX SHOES,404
hrx white sneaker,143
hrx white sneakers,143
indian terrian,2485
indibelle,155
indo western dress,743
indoor football shoes,283
indya skirt,0
Jack&Jones,3767
jackets mens,3680
Jeans men,13378
jeans top,71384
jockey brief,78
jockey innerwear,310
jockey t shirt,270
John player,2923
jumka,1272
kitchen set,839
koovs,0
kurti plazzo set,1563
label ritu kumar,462
ladies handbags,11653
ladies jacket,3277
ladies wallet,2033
lakme absolute,151
lakme kajal,31
Lakme lipstick,183
lakme nailpolish,52
lakme sunscreen,5
lavie wallets,216
leather slipper,1
lee blue washed jaens,19
Levi's T-shirt,359
levis jackets,28
Lewis Hamilton,38
lp,1893
maroon kurta,672
mast and harbour men shirts,483
men basketball shoes,26229
men black formal shoes,2196
men black shoes,7704
men checked shirts,10692
Men Clothing Mast & Harbour,1666
Men Flip Flops,1019
men's wallet,1857
mens slides,10
mid rise jeans,16541
minerals,135
mochi women,554
moda rapido t shirts,680
mojri,7
momtobe,209
necklace set,2179
neon,52
nike pegasus 35,14
Nike Shoes,1046
Nike sliper,26
Nokia phone,1
nursing dress,0
off white palazzo,23
one8,0
orange kurti,68
panty bra,0
party gown for women,22
pathani,29
people shirts,432
pinafore dress,44
police watch,43
police watches,43
printed tshirt,31517
puma Ferrari shoes,2511
puma Motorsport,4
puma one,48
puma t shirts women,154
pyjamas,574
rare tops,425
red casual shoes,661
red check shirt men,403
red tape sport shoes,158
redmi mobile,0
Redtape,1468
redtape sport shoes,158
reebok flip flop,43
reebok jacket men,24
ribo,14
roadster hoodie,111
roadster shirt men,1447
roadster sneaker women,97
roadster women jeans,391
roadster women shirt,375
round neck t shirt,40254
royal enfield helmets,23
salwar kameez,1667
samsung level,4
Samsung level,4
satchel,303
school bags kids,235
shirt dress for women,324
shirts man,40466
shooj,1
short jeans,1
silk kurtis,25
sleeveless tshirts,1387
solid t shirts,7571
solid tees,21
sparx shoe,317
spectacle frame,7341
Sports shoes,6243
stool,8
straight pants for women,101
studds,0
suit men,2015
suit women,4349
sweaters women,4204
swim shorts,57
t shirts for men.,45226
tassel earrings,440
teddy bears,34
tie set,2
tommy helifiger,5881
tommy hilfiger belts,276
Tommy Hilfiger\,,5881
track paint,1
