new_urls,count
https://www.jabong.com/lingerie-shop-online,378
https://www.jabong.com/kids-kids-ethnic-wear,17
https://www.jabong.com/kids-kids-jackets-coats,0
https://www.jabong.com/men-american-tourister,71
https://www.jabong.com/apparel-roadster,5962
https://www.jabong.com/men-polos-tshirts,499
https://www.jabong.com/women-sweaters,3390
https://www.jabong.com/women-dresses,18240
https://www.jabong.com/women-shapewear,201
https://www.jabong.com/men-nike,1242
https://www.jabong.com/women-aurelia,548
https://www.jabong.com/women-sunglasses,3986
https://www.jabong.com/women-bags,945
https://www.jabong.com/men-waistcoats,625
https://www.jabong.com/kids,52824
https://www.jabong.com/party-collection,57
https://www.jabong.com/men-new-products,1
https://www.jabong.com/shoes-crocs,253
https://www.jabong.com/river-island-shop-online,0
https://www.jabong.com/tommy-hilfiger-shop-online,21
https://www.jabong.com/lee_cooper,2442
https://www.jabong.com/jack-jones,2835
https://www.jabong.com/women-winter-jackets,1105
https://www.jabong.com/men-chronograph-watches,567
https://www.jabong.com/women-fj-rings-bands,1482
https://www.jabong.com/kids-kids-kurtas-kurta-sets,372
https://www.jabong.com/men-online-sale,176131
https://www.jabong.com/nba-store,207
https://www.jabong.com/women-caprese,333
https://www.jabong.com/men-caps-hats,10
https://www.jabong.com/men-crocs,201
https://www.jabong.com/dc-shop-online,0
https://www.jabong.com/women-saree-blouses,23
https://www.jabong.com/women-summer-jackets-shrugs,3203
https://www.jabong.com/women-boots,135
https://www.jabong.com/women-catwalk,536
https://www.jabong.com/woodland,433
https://www.jabong.com/men-backpack,1665
https://www.jabong.com/terms_and_conditions,0
https://www.jabong.com/jabong-coupons,78
https://www.jabong.com/men-bomber-jackets,482
https://www.jabong.com/men-nike,1242
https://www.jabong.com/women-women-ethnic-jackets,87
https://www.jabong.com/women-long-coats,2
https://www.jabong.com/hidesign,145
https://www.jabong.com/kids-girls-jeans-trousers,failed
https://www.jabong.com/men-shorts-34ths,12
https://www.jabong.com/women-color-black,143
https://www.jabong.com/men-formal-shoes,4598
https://www.jabong.com/lilliput,1597
https://www.jabong.com/men-cobb,489
https://www.jabong.com/women-running-shoes,1136
https://www.jabong.com/bigbrandsale,0
https://www.jabong.com/carlton_london,1357
https://www.jabong.com/kids-kids-ethnic-party-wear,229
https://www.jabong.com/men-raymond,failed
https://www.jabong.com/women-shirts,6469
https://www.jabong.com/men-adidas,2407
https://www.jabong.com/kids-kids-t-shirts-polos,162
https://www.jabong.com/women-w,1087
https://www.jabong.com/men-monte-carlo,762
https://www.jabong.com/kids-kids-tops-t-shirts,14891
https://www.jabong.com/women-dress-material,1676
https://www.jabong.com/men-woodland,390
https://www.jabong.com/women-panties,2302
https://www.jabong.com/women-flats,4905
https://www.jabong.com/women-sangria,1057
https://www.jabong.com/theory-of-formal-wear,6365
https://www.jabong.com/women-sneakers,3398
https://www.jabong.com/men-lee_cooper,1048
https://www.jabong.com/disney-shop-online,0
https://www.jabong.com/men-new-products,1
https://www.jabong.com/the-north-face,60
https://www.jabong.com/women-sarees,9895
https://www.jabong.com/sellonjabong,0
https://www.jabong.com/men-puma,3951
https://www.jabong.com/men-sandals-slippers,3353
https://www.jabong.com/men-united-colors-of-benetton,3034
https://www.jabong.com/women-new-products,243748
https://www.jabong.com/men-flip-flops,624
https://www.jabong.com/men-egoss,94
https://www.jabong.com/forever-21-shop-online,2
https://www.jabong.com/kids-kids-party-dresses-frocks,1932
https://www.jabong.com/shoes-online-sale,47537
https://www.jabong.com/adidas,3547
https://www.jabong.com/women-socks-stockings,243
https://www.jabong.com/women-handbags,10465
https://www.jabong.com/men-travel-bags,3
https://www.jabong.com/adidas-originals,627
https://www.jabong.com/kids-kids-casual-dresses-frocks,4732
https://www.jabong.com/women-belts,287
https://www.jabong.com/men-lotto,127
https://www.jabong.com/men-woodland,390
https://www.jabong.com/men-tights,48
https://www.jabong.com/women-color-green,40
https://www.jabong.com/men-united-colors-of-benetton,3034
https://www.jabong.com/united-colors-of-benetton,6260
https://www.jabong.com/women-rangmanch-by-pantaloons,failed
https://www.jabong.com/nike,1968
https://www.jabong.com/arrow,0
https://www.jabong.com/men-quilted-jackets,462
https://www.jabong.com/accessories-gucci,2
https://www.jabong.com/apparel-yepme,315855
https://www.jabong.com/women-global_desi,904
https://www.jabong.com/men-chinos,3041
https://www.jabong.com/women-women-make-up,1512
https://www.jabong.com/dorothy-perkins-shop-online,failed
https://www.jabong.com/women-palazzo-kameez-dupatta,4208
https://www.jabong.com/women-jaipur-kurti,610
https://www.jabong.com/women-tops,35412
https://www.jabong.com/men-night-suits,53
https://www.jabong.com/women-new-products,243748
https://www.jabong.com/men-hiking-shoes,348
https://www.jabong.com/hdfc-offer,0
https://www.jabong.com/men-casual-jackets,3421
https://www.jabong.com/men-jeans,9917
https://www.jabong.com/mountain-dew,0
https://www.jabong.com/kids-kids-jumpsuits-dungarees,815
https://www.jabong.com/men-nike,1242
https://www.jabong.com/women-biba,1381
https://www.jabong.com/men-running-shoes,2817
https://www.jabong.com/women-leggings,2012
https://www.jabong.com/men-suits-blazers,2600
https://www.jabong.com/men-boots,845
https://www.jabong.com/men-color-black,279
https://www.jabong.com/men-color-black,279
https://www.jabong.com/juicestyle,0
https://www.jabong.com/asics,348
https://www.jabong.com/men-puma,3951
https://www.jabong.com/women-sarees-dress-material,11571
https://www.jabong.com/men-nike,1242
https://www.jabong.com/men-strolleys,382
https://www.jabong.com/women-jeans,4378
https://www.jabong.com/men-lee_cooper,1048
https://www.jabong.com/men-apparel,114764
https://www.jabong.com/men-woodland,390
https://www.jabong.com/women-kurta-pants-set,19250
https://www.jabong.com/men-tie-cufflink-combos,8
https://www.jabong.com/flying_machine,1639
https://www.jabong.com/men-cricket-shoes,22
https://www.jabong.com/men-hush_puppies,176131
https://www.jabong.com/women-flip-flops,531
https://www.jabong.com/men-kurtas,1460
https://www.jabong.com/online-sale-women,243748
https://www.jabong.com/kids-kids-blazers-suit-sets,690
https://www.jabong.com/kids-kids-sandals,568
https://www.jabong.com/women-tunics,2333
https://www.jabong.com/women-belly-shoes,1418
https://www.jabong.com/levis,1218
https://www.jabong.com/women-scarves-stoles,405
https://www.jabong.com/sports-store,2629
https://www.jabong.com/kids-kids-jackets-coats,0
https://www.jabong.com/lavie,1126
https://www.jabong.com/home-living-curtains,2029
https://www.jabong.com/men-messenger-sling-bags,26
https://www.jabong.com/men-wallet,1320
https://www.jabong.com/swarovski-create-your-style-shop-online,0
https://www.jabong.com/men-shorts,3887
https://www.jabong.com/men-reebok,1173
https://www.jabong.com/men-thermals,191
https://www.jabong.com/women-suit-sets,3587
https://www.jabong.com/men-us_polo_assn,1993
https://www.jabong.com/men-us_polo_assn,1993
https://www.jabong.com/men-casual-shirts,28430
https://www.jabong.com/men-polo-tshirts,499
https://www.jabong.com/women-trousers,4693
https://www.jabong.com/men-formal-trousers,4
https://www.jabong.com/women-color-black,143
https://www.jabong.com/men-buckaroo,153
https://www.jabong.com/men-high-neck-t-shirts,34
https://www.jabong.com/us_polo_assn,3257
https://www.jabong.com/men-adidas,2407
https://www.jabong.com/men-vans,366
https://www.jabong.com/men-casual-shoes,14489
https://www.jabong.com/women-color-red,67
https://www.jabong.com/termsofuse-jabongpoints,0
https://www.jabong.com/women-shorts,1650
https://www.jabong.com/men-color-white,318
https://www.jabong.com/shoes-aldo,83
https://www.jabong.com/men-us_polo_assn,1993
https://www.jabong.com/women-heels,10226
https://www.jabong.com/women-dupattas,895
https://www.jabong.com/men-puma,3951
https://www.jabong.com/women-kurtas-kurtis,22065
https://www.jabong.com/men-kurta-pyjamas,1787
https://www.jabong.com/support-faq,40
https://www.jabong.com/women-baggit,729
https://www.jabong.com/contact,10
https://www.jabong.com/designer,20
https://www.jabong.com/women-kurtis,1462
https://www.jabong.com/women-color-black,143
https://www.jabong.com/shoes-adidas-neo,79
https://www.jabong.com/women-maternity-wear,8
https://www.jabong.com/women-watches,2644
https://www.jabong.com/men-shirts,32475
https://www.jabong.com/pantaloons-shop-online,378
https://www.jabong.com/customer-trackorder,0
https://www.jabong.com/men-suits,1363
https://www.jabong.com/women-lakme,338
https://www.jabong.com/men-sports-shoes,3857
https://www.jabong.com/women-maxi-dresses,3222
https://www.jabong.com/men-adidas-neo,190
https://www.jabong.com/women-aks,1149
https://www.jabong.com/men-nike,1242
https://www.jabong.com/men-franco_leone,398
https://www.jabong.com/women-stilettos,2399
https://www.jabong.com/women-color-white,98
https://www.jabong.com/men-trackpants,3474
https://www.jabong.com/men-online-sale,176131
https://www.jabong.com/home-living-bombay-dyeing,317
https://www.jabong.com/women-libas,635
https://www.jabong.com/women-allaboutyoufromdeepikapadukone,243748
https://www.jabong.com/men-vests,909
https://www.jabong.com/men-adidas,2407
https://www.jabong.com/kids-kids-sports-shoes,293
https://www.jabong.com/accessorize,1564
https://www.jabong.com/nike-shop-online,0
https://www.jabong.com/men-fj-rings-bands,242
https://www.jabong.com/bigbrandsale-women,243748
https://www.jabong.com/women-color-yellow,42
https://www.jabong.com/women-new-products,243748
https://www.jabong.com/women-guess,160
https://www.jabong.com/men-belts,1579
https://www.jabong.com/louisphilippe,1632
https://www.jabong.com/men-campus,1259
https://www.jabong.com/men-nike,1242
https://www.jabong.com/men-nike,1242
https://www.jabong.com/men-trackwear,2
https://www.jabong.com/shoes,47537
https://www.jabong.com/fcuk-shop-online,0
https://www.jabong.com/women-laptop-bags-sleeves,failed
https://www.jabong.com/men-tracksuits,255
https://www.jabong.com/women-clutches,1292
https://www.jabong.com/men-lapel-pins,205
https://www.jabong.com/women-backpack,2207
https://www.jabong.com/home-living-carpets-rugs,0
https://www.jabong.com/women-shree,2151
https://www.jabong.com/men-cargos,32
https://www.jabong.com/women-tees,7796
https://www.jabong.com/accessories-store,1815
https://www.jabong.com/home-living-cushions,4719
https://www.jabong.com/men-duffle-bags,62
https://www.jabong.com/allen_solly,0
https://www.jabong.com/women-nike,549
https://www.jabong.com/men-online-sale,176131
https://www.jabong.com/men-nike,1242
https://www.jabong.com/women-winter-wear,3801
https://www.jabong.com/men-denim-shirts,7
https://www.jabong.com/women-strapless-bra,80
failed,29
https://www.jabong.com/men-jackets,3807
https://www.jabong.com/women-shoes,23715
https://www.jabong.com/men-sweaters,3421
https://www.jabong.com/only-shop-online,0
https://www.jabong.com/men-new-products,1
https://www.jabong.com/men-levis,1038
https://www.jabong.com/men-new-products,1
https://www.jabong.com/calvin-klein-jeans,618
https://www.jabong.com/men-caps,486
https://www.jabong.com/women-women-sweatshirts,14
https://www.jabong.com/men-color-black,279
https://www.jabong.com/men-nike,1242
https://www.jabong.com/women-wallets-purses-potlis,0
https://www.jabong.com/men-windcheaters,6
https://www.jabong.com/women-bracelets,1016
https://www.jabong.com/men-joggers,878
https://www.jabong.com/men-casual-trousers,6091
https://www.jabong.com/kids-shoes,2147
https://www.jabong.com/men-jackets-blazers,5044
https://www.jabong.com/men-united-colors-of-benetton,3034
https://www.jabong.com/kids-apparel,47458
https://www.jabong.com/women-lingerie-sets,114
https://www.jabong.com/kids-boys-apparel,47458
https://www.jabong.com/kids-kids-dresses-skirts,0
https://www.jabong.com/new-era-store,148
https://www.jabong.com/men-nike,1242
https://www.jabong.com/online-sale-men,176131
https://www.jabong.com/women-new-products,243748
https://www.jabong.com/men-lee_cooper,1048
https://www.jabong.com/men-socks,708
https://www.jabong.com/women-fashion-jewellery,5
https://www.jabong.com/men-digital-watches,110
https://www.jabong.com/vero-moda,3398
https://www.jabong.com/men-loafers,2660
https://www.jabong.com/men-hoodies,4030
https://www.jabong.com/women-lehengas,366
https://www.jabong.com/beauty-lakme,152
https://www.jabong.com/men-adidas,2407
https://www.jabong.com/jabong-referral-program,0
https://www.jabong.com/men-new-products,1
https://www.jabong.com/women-nike,549
https://www.jabong.com/men-skechers,83
https://www.jabong.com/men-color-white,318
https://www.jabong.com/mobileapp,0
https://www.jabong.com/diwali-offers,0
https://www.jabong.com/men-ruosh,356
https://www.jabong.com/offers-terms-and-conditions,5880
https://www.jabong.com/men-corduroy-trousers,121
https://www.jabong.com/home-living-blankets,4719
https://www.jabong.com/women-off-shoulder-dresses,118
https://www.jabong.com/fossil,285
https://www.jabong.com/home-living-blankets-quilts,0
https://www.jabong.com/women-aurelia,548
https://www.jabong.com/men-raymond,1272
https://www.jabong.com/women-apparel-accessories,154696
https://www.jabong.com/kids-kids-shorts-capris,4
https://www.jabong.com/women-track-wear,256
https://www.jabong.com/pepe-jeans,4050
https://www.jabong.com/tommy_hilfiger,3054
https://www.jabong.com/women-new-products,243748
https://www.jabong.com/women-color-white,98
https://www.jabong.com/big-billion-days,0
https://www.jabong.com/women-kurtas-suit-sets,22834
https://www.jabong.com/women-online-sale,243748
https://www.jabong.com/men-laptop-bags-sleeves,44
https://www.jabong.com/kids-kids-t-shirts,8408
https://www.jabong.com/women-sports-bra,570
https://www.jabong.com/men-puma,3951
https://www.jabong.com/alia-bhatt-shop-online,378
https://www.jabong.com/terms-condition-gas,542
https://www.jabong.com/men-crocodile,624
https://www.jabong.com/and,5880
https://www.jabong.com/women-wedges,3185
https://www.jabong.com/bags-american-tourister,37
https://www.jabong.com/women-sabhyata,197
https://www.jabong.com/women-casio,189
https://www.jabong.com/home-living-bedsheets,4719
https://www.jabong.com/men-ray-ban,44
https://www.jabong.com/discount-more-than-49,6
https://www.jabong.com/top-shop-online,42006
https://www.jabong.com/end-of-reason-sale-online-flat50,5383
https://www.jabong.com/men-red_chief,390
https://www.jabong.com/men-fj-bracelets,492
https://www.jabong.com/women-color-red,67
https://www.jabong.com/apparel-calvin-klein-underwear,1075
https://www.jabong.com/women-new-products,243748
https://www.jabong.com/women-fj-earrings,8819
https://www.jabong.com/men-adidas,2407
https://www.jabong.com/womens-day,234
https://www.jabong.com/men-football-shoes,329
https://www.jabong.com/men-color-red,175
https://www.jabong.com/men,176131
https://www.jabong.com/men-leather-jackets,172
https://www.jabong.com/women-dungarees-jumpsuits,1152
https://www.jabong.com/women,243748
https://www.jabong.com/men-clarks,453
https://www.jabong.com/men-denim-jackets,77
https://www.jabong.com/kids-boys-trackwear-nightwear,299
https://www.jabong.com/bags-adidas,13
https://www.jabong.com/apparel-biba,1823
https://www.jabong.com/men-floaters,229
https://www.jabong.com/hush_puppies,0
https://www.jabong.com/men-levis,1038
https://www.jabong.com/republic-of-denim,511
https://www.jabong.com/men-reebok,1173
https://www.jabong.com/men-moccasins,1122
https://www.jabong.com/brands,0
https://www.jabong.com/kids-kids-shirts,4555
https://www.jabong.com/men-ethnic-wear,120
https://www.jabong.com/men-watches,3432
https://www.jabong.com/men-fila,809
https://www.jabong.com/women-sandals,4090
https://www.jabong.com/men-new-products,1
https://www.jabong.com/clearance-sale,0
https://www.jabong.com/men-tommy_hilfiger,2274
https://www.jabong.com/being-human-shop-online,0
https://www.jabong.com/women-salwars-churidars,435
https://www.jabong.com/apparel,315855
https://www.jabong.com/all-products,448909
https://www.jabong.com/women-slingbags,47
https://www.jabong.com/women-apparel,153630
https://www.jabong.com/puma,5478
https://www.jabong.com/women-lux-lyra,282
https://www.jabong.com/inc_5,939
https://www.jabong.com/steve-madden,535
https://www.jabong.com/ethnic-fest-collection,3555
https://www.jabong.com/shoes-dc,331
https://www.jabong.com/women-color-white,98
https://www.jabong.com/men-winter-wear,19085
https://www.jabong.com/new-balance,331
https://www.jabong.com/red_tape,828
https://www.jabong.com/men-liberty,186
https://www.jabong.com/women-w,1087
https://www.jabong.com/men-mochi,133
https://www.jabong.com/giniandjony-shop-online,378
https://www.jabong.com/women-color-white,98
https://www.jabong.com/men-sports-jerseys,61
https://www.jabong.com/women-crop-tops,2176
https://www.jabong.com/women-dresses-jumpsuits,19328
https://www.jabong.com/men-sunglasses,3509
https://www.jabong.com/men-nike,1242
https://www.jabong.com/men-raymond,1272
https://www.jabong.com/men-boxers,432
https://www.jabong.com/fc-barcelona,568
https://www.jabong.com/men-basketball-shoes,146
https://www.jabong.com/converse,220
https://www.jabong.com/shoes-vans,416
https://www.jabong.com/men-ethnic-jackets,332
https://www.jabong.com/women-tracksuits,53
https://www.jabong.com/woodland-online-sale,433
https://www.jabong.com/winter-wear-store,2
https://www.jabong.com/men-round-neck-tshirts,20842
https://www.jabong.com/men-lee_cooper,1048
https://www.jabong.com/men-sneakers,5754
https://www.jabong.com/nike-online-sale,1968
https://www.jabong.com/men-red_chief,390
https://www.jabong.com/men-reebok,1173
https://www.jabong.com/women-lingerie-nightwear,13786
https://www.jabong.com/global_desi,904
https://www.jabong.com/men-nike,1242
https://www.jabong.com/men-daniel-klein,348
https://www.jabong.com/men-sandals,2736
https://www.jabong.com/men-bags,975
https://www.jabong.com/men-fort-collins,169
https://www.jabong.com/men-hooded-t-shirts,254
https://www.jabong.com/women-thermals,157
https://www.jabong.com/women-levis,180
https://www.jabong.com/discount-more-than-79,6
https://www.jabong.com/online-sale,0
https://www.jabong.com/kids-boys-winter-wear,3156
https://www.jabong.com/men-adidas,2407
https://www.jabong.com/shoes-skechers,219
https://www.jabong.com/women-palazzo,90
https://www.jabong.com/men-formal-shirts,3722
https://www.jabong.com/men-henley-tshirts,2331
https://www.jabong.com/men-color-red,175
https://www.jabong.com/women-sports-shoes,1419
https://www.jabong.com/reebok,1729
https://www.jabong.com/women-color-black,143
https://www.jabong.com/men-online-sale,176131
https://www.jabong.com/women-loafers-moccasins,463
https://www.jabong.com/women-color-pink,72
https://www.jabong.com/women-adidas,890
https://www.jabong.com/women-melange-by-lifestyle,1665
https://www.jabong.com/women-anarkali,1504
https://www.jabong.com/women-skirts,3015
https://www.jabong.com/hrxbyhrithikroshan,0
https://www.jabong.com/women-summer-jackets,1776
https://www.jabong.com/kids-girls-apparel,47458
https://www.jabong.com/men-lee_cooper,1048
https://www.jabong.com/kids-kids-lehenga-cholis,205
https://www.jabong.com/shoes-woodland,208
https://www.jabong.com/men-nike,1242
https://www.jabong.com/men-sparx,352
https://www.jabong.com/men-lee_cooper,1048
https://www.jabong.com/men-raymond,1272
https://www.jabong.com/tshirt-store-online,53598
https://www.jabong.com/men-nike,1242
https://www.jabong.com/women-mochi,467
https://www.jabong.com/men-red_chief,390
https://www.jabong.com/men-roadster,5106
https://www.jabong.com/women-color-golden,3
https://www.jabong.com/women-jeggings,826
https://www.jabong.com/men-hrxbyhrithikroshan,176131
https://www.jabong.com/men-blackberrys,2886
https://www.jabong.com/provogue,188
https://www.jabong.com/men-shoes,22963
https://www.jabong.com/valentines-day-gifts,5
https://www.jabong.com/birthday-gifts,83
https://www.jabong.com/men-levis,1038
https://www.jabong.com/men-sweatshirts-hoodies,4027
https://www.jabong.com/women-biba,1381
https://www.jabong.com/men-briefs,948
https://www.jabong.com/women-woodland,48
https://www.jabong.com/international-brands,55
https://www.jabong.com/men-red_tape,696
https://www.jabong.com/shoes-bugatti,103
https://www.jabong.com/men-new-products,1
https://www.jabong.com/women-new-products,243748
https://www.jabong.com/shoes-nike,800
https://www.jabong.com/men-cardigans,222
https://www.jabong.com/men-v-neck-tshirts,1990
https://www.jabong.com/men-color-white,318
https://www.jabong.com/shoes-clarks,942
https://www.jabong.com/bags,1073
https://www.jabong.com/fila,963
https://www.jabong.com/women-puma,2407
https://www.jabong.com/women-tops-tees-shirts,49677
https://www.jabong.com/women-skechers,112
https://www.jabong.com/women-daniel-klein,102
https://www.jabong.com/kids-girls-winter-wear,3156
https://www.jabong.com/men-jockey,667
https://www.jabong.com/men-high-neck-sweaters,353
https://www.jabong.com/women-plus-sizes,484
https://www.jabong.com/men-new-products,1
https://www.jabong.com/women-palazzo-kurta-set,3313
https://www.jabong.com/men-united-colors-of-benetton,3034
https://www.jabong.com/women-bras,5498
https://www.jabong.com/customer-self-help-desk,16
https://www.jabong.com/women-trackpants,883
https://www.jabong.com/men-sparx,352
https://www.jabong.com/men-roadster,5106
https://www.jabong.com/women-new-products,243748
https://www.jabong.com/women-color-pink,72
https://www.jabong.com/women-color-golden,3
https://www.jabong.com/men-handkerchiefs,69
https://www.jabong.com/accessories-ray-ban,48
https://www.jabong.com/men-roadster,5106
https://www.jabong.com/women-madame,1521
https://www.jabong.com/women-color-peach,failed
https://www.jabong.com/women-hidesign,101
https://www.jabong.com/men-blackberrys,2886
https://www.jabong.com/men-lee_cooper,1048
https://www.jabong.com/women-ritu-kumar,652
https://www.jabong.com/men-us_polo_assn,1993
https://www.jabong.com/kids-crocs,199
https://www.jabong.com/men-color-red,175
https://www.jabong.com/sis-big-brand-sale-min51,0
https://www.jabong.com/men-pluss,163
https://www.jabong.com/women-and,1084
https://www.jabong.com/men-color-navy%20blue,3034
https://www.jabong.com/men-pocket-squares,377
https://www.jabong.com/men-online-sale,176131
https://www.jabong.com/women-color-yellow,42
https://www.jabong.com/men-bacca-bucci,429
https://www.jabong.com/home-living-raymond-bed-bath,0
https://www.jabong.com/men-color-black,279
https://www.jabong.com/men-round-neck-sweaters,818
https://www.jabong.com/men-red_tape,696
https://www.jabong.com/men-roadster,5106
https://www.jabong.com/men-shiv-naresh,13
https://www.jabong.com/shoes-jack-jones,216
https://www.jabong.com/men-woodland,390
https://www.jabong.com/men-color-golden,0
https://www.jabong.com/men-adidas,2407
https://www.jabong.com/women-color-golden,3
https://www.jabong.com/men-color-brown,63
https://www.jabong.com/women-color-black,143
https://www.jabong.com/women-women-fragrances,9
https://www.jabong.com/women-color-black,143
https://www.jabong.com/numero_uno,305
https://www.jabong.com/icici-offer,0
https://www.jabong.com/men-hrxbyhrithikroshan,176131
https://www.jabong.com/men-adidas,2407
https://www.jabong.com/men-mast-harbour,1788
https://www.jabong.com/men-adidas,2407
https://www.jabong.com/men-red_tape,696
https://www.jabong.com/women-capris-shorts-skirts,2299
https://www.jabong.com/women-escort,19
https://www.jabong.com/women-color-grey,37
https://www.jabong.com/men-wayfarers,962
https://www.jabong.com/men-new-products,1
https://www.jabong.com/apparel-game-of-thrones,68
https://www.jabong.com/nike-discount-more-than-39,1968
https://www.jabong.com/bags-tommy_hilfiger,1
https://www.jabong.com/women-lakme,338
https://www.jabong.com/men-tommy_hilfiger,2274
https://www.jabong.com/men-accessories,1484
https://www.jabong.com/women-color-blue,281
https://www.jabong.com/women-winter-kurtas,3469
https://www.jabong.com/marvel,746
https://www.jabong.com/men-killer,377
https://www.jabong.com/women-go-colors,77
https://www.jabong.com/shoes-dr_scholl,47537
https://www.jabong.com/men-hrxbyhrithikroshan,176131
https://www.jabong.com/men-calvin-klein-underwear,123
https://www.jabong.com/men-puma,3951
https://www.jabong.com/women-only,3783
https://www.jabong.com/women-code-by-lifestyle,187
https://www.jabong.com/men-calvin-klein-jeans,529
https://www.jabong.com/women-lipstick,829
https://www.jabong.com/men-fossil,91
https://www.jabong.com/women-color-yellow,42
https://www.jabong.com/women-travel-bags,3
https://www.jabong.com/bags-nike,12
https://www.jabong.com/esprit,805
https://www.jabong.com/women-peep-toes,210
https://www.jabong.com/kids-football-shoes,72
https://www.jabong.com/women-tube-tops,11
https://www.jabong.com/bags-levis,2
https://www.jabong.com/men-adidas,2407
https://www.jabong.com/shoes-superdry,243
https://www.jabong.com/women-new-products,243748
https://www.jabong.com/timberland,235
https://www.jabong.com/kids-nike,256
https://www.jabong.com/men-sweatshirts,4324
https://www.jabong.com/men-supra,194
https://www.jabong.com/men-colorplus,1084
https://www.jabong.com/guess,262
https://www.jabong.com/women-metro,711
https://www.jabong.com/men-manyavar,201
https://www.jabong.com/women-online-sale,243748
https://www.jabong.com/men-ruosh,356
https://www.jabong.com/women-fastrack,failed
https://www.jabong.com/men-sparx,352
https://www.jabong.com/kids-kids-leggings,900
https://www.jabong.com/men-online-sale,176131
https://www.jabong.com/women-adidas,890
https://www.jabong.com/men-online-sale,176131
https://www.jabong.com/men-casio,358
https://www.jabong.com/kazo,930
https://www.jabong.com/women-tank-tops,31
https://www.jabong.com/men-escort,22
https://www.jabong.com/women-color-golden,16
https://www.jabong.com/men-aviators,1274
https://www.jabong.com/men-john_player,176131
https://www.jabong.com/kids-kittens,592
https://www.jabong.com/men-color-white,318
https://www.jabong.com/home-living-duvet-covers,4719
https://www.jabong.com/women-color-pink,72
https://www.jabong.com/women-color-maroon,26
https://www.jabong.com/men-spunk,88
https://www.jabong.com/cat,531
https://www.jabong.com/women-baggit,729
https://www.jabong.com/van_heusen,3
https://www.jabong.com/women-duffle-bags,73
https://www.jabong.com/men-united-colors-of-benetton,3034
https://www.jabong.com/kids-kids-bellies,343
https://www.jabong.com/men-calvin-klein-jeans,529
https://www.jabong.com/casio-shop-online,0
https://www.jabong.com/men-puma,3951
https://www.jabong.com/dune,324
https://www.jabong.com/women-necklaces,231
https://www.jabong.com/men-monte-carlo,762
https://www.jabong.com/men-blackberrys,2886
https://www.jabong.com/women-clarks,538
https://www.jabong.com/women-madame,1521
https://www.jabong.com/women-skater-dresses,3312
https://www.jabong.com/men-nike,1242
https://www.jabong.com/women-online-sale,243748
https://www.jabong.com/men-nike,1242
https://www.jabong.com/men-duke,1509
https://www.jabong.com/men-adidas,2407
https://www.jabong.com/women-vishudh,612
https://www.jabong.com/women-color-navy%20blue,1060
https://www.jabong.com/men-color-grey,340
https://www.jabong.com/women-dressberry,3396
https://www.jabong.com/men-arrow,0
https://www.jabong.com/women-and,1084
https://www.jabong.com/men-color-grey,340
https://www.jabong.com/women-akkriti-by-pantaloons,277
https://www.jabong.com/men-rain-wear,9
https://www.jabong.com/men-woodland,390
https://www.jabong.com/men-new-products,1
https://www.jabong.com/women-polo-neck-tees,13
https://www.jabong.com/women-bodycare,55
https://www.jabong.com/women-jockey,756
https://www.jabong.com/kids-boys-jeans-trousers,4373
https://www.jabong.com/men-action,148
https://www.jabong.com/men-john_player,176131
https://www.jabong.com/women-faballey-indya,522
https://www.jabong.com/winter-wear-store-men,38198
https://www.jabong.com/men-blackberrys,2886
https://www.jabong.com/men-new-products,1
https://www.jabong.com/men-online-sale,176131
https://www.jabong.com/men-color-brown,63
https://www.jabong.com/men-pepe-jeans,1407
https://www.jabong.com/men-allen_solly,failed
https://www.jabong.com/women-code-by-lifestyle,187
https://www.jabong.com/women-shree,2151
https://www.jabong.com/men-us_polo_assn,1993
https://www.jabong.com/christmas,28
https://www.jabong.com/women-amante,397
https://www.jabong.com/terms-conditions-paytm,0
https://www.jabong.com/women-strappy-tops,595
https://www.jabong.com/women-new-products,243748
https://www.jabong.com/women-make-up-kit,1359
https://www.jabong.com/men-roadster,5106
https://www.jabong.com/apparel-harry-potter,25
https://www.jabong.com/men-umbro,2
https://www.jabong.com/kids-watches,43
https://www.jabong.com/kids-kids-shrugs,64
https://www.jabong.com/summer-store,121
https://www.jabong.com/men-timex,115
https://www.jabong.com/women-calvin-klein-underwear,72
https://www.jabong.com/kids-peppermint,306
https://www.jabong.com/shoes-sparx,319
https://www.jabong.com/men-puma,3951
https://www.jabong.com/freecultr,1
https://www.jabong.com/men-hrxbyhrithikroshan,176131
https://www.jabong.com/women-dressberry,3396
https://www.jabong.com/men-color-purple,10
https://www.jabong.com/men-online-sale,176131
https://www.jabong.com/women-color-black,143
https://www.jabong.com/women-leggings-jeggings,1567
https://www.jabong.com/men-park-avenue,1316
https://www.jabong.com/women-levis,180
https://www.jabong.com/women-united-colors-of-benetton,825
https://www.jabong.com/top-man-shop-online,109
https://www.jabong.com/women-monte-carlo,380
https://www.jabong.com/women-rain-rainbow,297
https://www.jabong.com/men-color-black,279
https://www.jabong.com/women-nayo,965
https://www.jabong.com/men-analog-watches,2541
https://www.jabong.com/kids-kids-sweaters-cardigans,282
https://www.jabong.com/women-butterflies,422
https://www.jabong.com/women-color-white,98
https://www.jabong.com/men-carlton_london,346
https://www.jabong.com/women-floaters,102
https://www.jabong.com/men-color-green,83
https://www.jabong.com/home-living-bed-linen,2
https://www.jabong.com/women-color-blue,281
https://www.jabong.com/women-triumph,234
https://www.jabong.com/men-color-black,279
https://www.jabong.com/men-blackberrys,2886
https://www.jabong.com/apparel-wrangler,532
https://www.jabong.com/women-online-sale,243748
https://www.jabong.com/women-push-up-bra,528
https://www.jabong.com/women-all-about-you,1205
https://www.jabong.com/end-of-season-sale,0
https://www.jabong.com/men-innerwear-sleepwear,3066
https://www.jabong.com/women-color-off%20white,1060
https://www.jabong.com/shoes-bata,228
https://www.jabong.com/men-jack-jones,2835
https://www.jabong.com/dorothy-perkins,4456
https://www.jabong.com/kids-adidas,389
https://www.jabong.com/women-lee_cooper,590
https://www.jabong.com/women-libas,635
https://www.jabong.com/men-indigo-nation,119
https://www.jabong.com/women-salwars-churidars-dupattas,1281
https://www.jabong.com/women-color-golden,3
https://www.jabong.com/men-red_chief,390
https://www.jabong.com/women-hush_puppies,243748
https://www.jabong.com/men-new-products,1
https://www.jabong.com/festive-store,1493
https://www.jabong.com/men-duke,1509
https://www.jabong.com/men-tommy_hilfiger,2274
https://www.jabong.com/dune-london-shop,0
https://www.jabong.com/men-hush_puppies,176131
https://www.jabong.com/women-color-red,101
https://www.jabong.com/mango,1407
https://www.jabong.com/lotto,153
https://www.jabong.com/batman,63
https://www.jabong.com/women-vans,283
https://www.jabong.com/women-monte-carlo,380
https://www.jabong.com/men-superdry,617
https://www.jabong.com/women-danglers-drops,516
https://www.jabong.com/women-splash,519
https://www.jabong.com/women-ginger,417
https://www.jabong.com/disney,673
https://www.jabong.com/shoes-online-sale,47537
https://www.jabong.com/men-converse,190
https://www.jabong.com/shoes-pavers-england,14
https://www.jabong.com/men-tommy_hilfiger,2274
https://www.jabong.com/men-color-black,279
https://www.jabong.com/wrangler-shop-online,0
https://www.jabong.com/women-tommy_hilfiger,557
https://www.jabong.com/ginger,417
https://www.jabong.com/women-capris,882
https://www.jabong.com/men-aldo,49
https://www.jabong.com/men-mufti,1988
https://www.jabong.com/men-mufti,1988
https://www.jabong.com/women-jockey,756
https://www.jabong.com/women-color-maroon,26
https://www.jabong.com/women-tights,925
https://www.jabong.com/aldo-shop-online,0
https://www.jabong.com/men-louisphilippe,1632
https://www.jabong.com/women-jockey,756
https://www.jabong.com/men-color-maroon,48
https://www.jabong.com/men-bata,141
https://www.jabong.com/men-online-sale,176131
https://www.jabong.com/kids-new-products,52824
https://www.jabong.com/women-color-orange,29
https://www.jabong.com/men-farenheit,0
https://www.jabong.com/superman,89
https://www.jabong.com/men-basics,1110
https://www.jabong.com/men-color-white,318
https://www.jabong.com/women-new-products,243748
https://www.jabong.com/men-park-avenue,1316
https://www.jabong.com/home-living-table-linen,4719
https://www.jabong.com/men-adidas,2407
https://www.jabong.com/men-eye-glasses,3509
https://www.jabong.com/sis-big-brand-sale-prebuzz,0
https://www.jabong.com/women-color-blue,281
https://www.jabong.com/men-color-orange,59
https://www.jabong.com/women-new-products,243748
https://www.jabong.com/yepme,0
https://www.jabong.com/men-cufflinks,327
https://www.jabong.com/men-new-products,1
https://www.jabong.com/shoes-action,148
https://www.jabong.com/men-levis,1038
https://www.jabong.com/juicestyle-the-best-watches-for-men-under-rs-10000,3432
https://www.jabong.com/men-hoopers,245
https://www.jabong.com/women-tommy_hilfiger,557
https://www.jabong.com/killer,386
https://www.jabong.com/men-alberto-torresi,361
https://www.jabong.com/men-ed_hardy,176131
https://www.jabong.com/men-adidas,2407
https://www.jabong.com/men-american-tourister,71
https://www.jabong.com/men-combo,337
https://www.jabong.com/accessories-titan,139
https://www.jabong.com/women-camisoles,627
https://www.jabong.com/men-color-olive,62
https://www.jabong.com/men-fila,809
https://www.jabong.com/men-fashion-jewellery,780
https://www.jabong.com/gas,542
https://www.jabong.com/kids-us_polo_assn,1042
https://www.jabong.com/women-color-white,98
https://www.jabong.com/apparel-jockey,1478
https://www.jabong.com/men-mufti,1988
https://www.jabong.com/tresmode,254
https://www.jabong.com/men-levis,1038
https://www.jabong.com/mast-harbour,3368
https://www.jabong.com/men-color-black,279
https://www.jabong.com/apparel-cobb,489
https://www.jabong.com/women-online-sale,243748
https://www.jabong.com/men-color-navy%20blue,3034
https://www.jabong.com/women-kurta-patiala-set,20603
https://www.jabong.com/men-spykar,1164
https://www.jabong.com/men-ties-cufflinks,1694
https://www.jabong.com/kids-toys,1762
https://www.jabong.com/men-red_tape,696
https://www.jabong.com/women-sabhyata,197
https://www.jabong.com/women-lee_cooper,590
https://www.jabong.com/men-columbus,7
https://www.jabong.com/accessories-michael-kors,58
https://www.jabong.com/women-reebok,541
https://www.jabong.com/holi-offers,0
https://www.jabong.com/women-color-red,67
https://www.jabong.com/women-online-sale,243748
https://www.jabong.com/men-tommy_hilfiger,2274
https://www.jabong.com/women-color-silver,2
https://www.jabong.com/men-woods,299
https://www.jabong.com/men-sleepwear,95
https://www.jabong.com/women-indian-women-by-bahubali,600
https://www.jabong.com/bags-skybags,15
https://www.jabong.com/shoes-levis,118
https://www.jabong.com/men-mandarin-tshirts,538
https://www.jabong.com/forever_new,216
https://www.jabong.com/apparel-kappa,129
https://www.jabong.com/home-living-comforters,403
https://www.jabong.com/home-living-carpets,4719
https://www.jabong.com/men-numero_uno,303
https://www.jabong.com/men-jack-jones,2835
https://www.jabong.com/men-roadster,5106
https://www.jabong.com/women-color-golden,3
https://www.jabong.com/speedo,658
https://www.jabong.com/bags-superdry,19
https://www.jabong.com/shoes-online-sale,47537
https://www.jabong.com/shoes-puma,1981
https://www.jabong.com/men-wrogn,1081
https://www.jabong.com/jewellery,18686
https://www.jabong.com/men-peter_england,2
https://www.jabong.com/men-united-colors-of-benetton,3034
https://www.jabong.com/men-salomon,235
https://www.jabong.com/men-mizuno,80
https://www.jabong.com/men-trackjackets,3474
https://www.jabong.com/women-color-peach,14
https://www.jabong.com/women-annabelle-by-pantaloons,280
https://www.jabong.com/women-new-products,243748
https://www.jabong.com/women-fj-necklaces-necklace-sets,231
https://www.jabong.com/men-bugatti,97
https://www.jabong.com/apparel-superdry,425
https://www.jabong.com/men-lee,1656
https://www.jabong.com/women-fossil,195
https://www.jabong.com/women-bata,186
https://www.jabong.com/men-adidas,2407
https://www.jabong.com/men-training-shoes,292
https://www.jabong.com/men-color-tan,13
https://www.jabong.com/men-duke,1509
https://www.jabong.com/women-anouk,1307
https://www.jabong.com/women-color-yellow,42
https://www.jabong.com/about,1216
https://www.jabong.com/men-online-sale,176131
https://www.jabong.com/men-color-olive,62
https://www.jabong.com/women-kurta-skirt-dupatta,24513
https://www.jabong.com/alia-bhatt-shop-online-mobile-app,378
https://www.jabong.com/women-online-sale,243748
https://www.jabong.com/women-color-golden,3
https://www.jabong.com/men-nike,1242
https://www.jabong.com/wildcraft,1101
https://www.jabong.com/men-fj-pendants-lockets,0
https://www.jabong.com/privacy_policy,0
https://www.jabong.com/men-campus,1259
https://www.jabong.com/discount-more-than-59,6
https://www.jabong.com/women-levis,180
https://www.jabong.com/men-nike,1242
https://www.jabong.com/men-v-neck-sweaters,655
https://www.jabong.com/men-reebok,1173
https://www.jabong.com/men-bow-ties,88
https://www.jabong.com/men-nike,1242
https://www.jabong.com/men-crocodile,624
https://www.jabong.com/women-nike,549
https://www.jabong.com/women-trousers-jeans,9071
https://www.jabong.com/women-color-white,98
https://www.jabong.com/men-color-green,83
https://www.jabong.com/women-vero-moda,3398
https://www.jabong.com/women-online-sale,243748
https://www.jabong.com/women-fab_india,87
https://www.jabong.com/men-new-products,1
https://www.jabong.com/men-raymond,1272
https://www.jabong.com/men-killer,377
https://www.jabong.com/men-tommy_hilfiger,2274
https://www.jabong.com/melange-by-lifestyle,2605
https://www.jabong.com/men-roadster,5106
https://www.jabong.com/bags-puma,55
https://www.jabong.com/home-living-sofa-covers,6
https://www.jabong.com/women-color-peach,14
https://www.jabong.com/women-calvin-klein-underwear,72
https://www.jabong.com/men-jack-jones,2835
https://www.jabong.com/men-adidas,2407
https://www.jabong.com/men-puma,3951
https://www.jabong.com/men-new-products,1
https://www.jabong.com/discount-more-than-69,6
https://www.jabong.com/women-color-pink,72
https://www.jabong.com/men-vans,366
https://www.jabong.com/men-color-navy%20blue,3034
https://www.jabong.com/men-red_tape,696
https://www.jabong.com/accessories-fastrack,39
https://www.jabong.com/women-rangriti,606
https://www.jabong.com/men-highlander,502
https://www.jabong.com/women-michael-kors,48
https://www.jabong.com/women-toiletry-kits,265
https://www.jabong.com/men-american-tourister,failed
https://www.jabong.com/men-color-brown,63
https://www.jabong.com/women-color-purple,20
https://www.jabong.com/men-woodland,390
https://www.jabong.com/men-color-grey,340
https://www.jabong.com/women-jockey,756
https://www.jabong.com/women-bodycon-dresses,118
https://www.jabong.com/men-byford-by-pantaloons,162
https://www.jabong.com/valentines-day-gifts-for-her,41
https://www.jabong.com/men-color-blue,1123
https://www.jabong.com/men-tennis-shoes,49
https://www.jabong.com/men-color-pink,75
https://www.jabong.com/kids-kids-shorts-34ths,107
https://www.jabong.com/women-roadster,2319
https://www.jabong.com/men-color-black,279
https://www.jabong.com/apparel-moda-rapido,2311
https://www.jabong.com/men-hush_puppies,176131
https://www.jabong.com/women-crocs,424
https://www.jabong.com/men-wrangler,495
https://www.jabong.com/men-skybags,49
https://www.jabong.com/men-color-tan,13
https://www.jabong.com/men-jack-jones,2835
https://www.jabong.com/women-gipsy,206
https://www.jabong.com/women-kurtas,20603
https://www.jabong.com/women-only,3783
https://www.jabong.com/men-color-blue,1123
https://www.jabong.com/apparel-alto-moda-by-pantaloons,6342
https://www.jabong.com/women-new-products,243748
https://www.jabong.com/women-shopping-bags-totes,87
https://www.jabong.com/men-color-silver,0
https://www.jabong.com/kids-kids-formal-shoes,63
https://www.jabong.com/women-jimmy-choo,18
https://www.jabong.com/shoes-adidas-originals,273
https://www.jabong.com/women-lavie,1126
https://www.jabong.com/men-color-maroon,48
https://www.jabong.com/men-pepe-jeans,1407
https://www.jabong.com/men-sparx,352
https://www.jabong.com/kids-united-colors-of-benetton,2452
https://www.jabong.com/men-raymond,1272
https://www.jabong.com/apparel-gas,469
https://www.jabong.com/men-adidas-originals,424
https://www.jabong.com/women-color-green,40
https://www.jabong.com/holiday-shop-for-men,6
https://www.jabong.com/men-puma,3951
https://www.jabong.com/men-online-sale,176131
https://www.jabong.com/women-maybelline,205
https://www.jabong.com/men-color-red,175
https://www.jabong.com/men-color-black,279
https://www.jabong.com/apparel-wills-lifestyle,2159
https://www.jabong.com/women-baggit,729
https://www.jabong.com/women-color-black,143
https://www.jabong.com/men-indian_terrain,4
https://www.jabong.com/men-power,57
https://www.jabong.com/umbro,2
https://www.jabong.com/men-new-products,1
https://www.jabong.com/men-gas,449
https://www.jabong.com/women-cargo-pants,6
https://www.jabong.com/blackberrys,2886
https://www.jabong.com/women-lino_perros,170
https://www.jabong.com/women-dressberry,3396
https://www.jabong.com/women-new-products,243748
https://www.jabong.com/next,10037
https://www.jabong.com/women-jhumkis,1320
https://www.jabong.com/men-color-yellow,109
https://www.jabong.com/men-reebok,1173
https://www.jabong.com/kids-boots,105
https://www.jabong.com/apparel-bossini,155
https://www.jabong.com/men-nike,1242
https://www.jabong.com/men-roadster,5106
https://www.jabong.com/kids-bags,13
https://www.jabong.com/forever-21,5297
https://www.jabong.com/apparel-monte-carlo,1521
https://www.jabong.com/men-fastrack,34
https://www.jabong.com/beauty,1515
https://www.jabong.com/men-mufflers,88
https://www.jabong.com/men-color-black,279
https://www.jabong.com/men-slippers,624
https://www.jabong.com/kids-skirts,807
https://www.jabong.com/sangria,1097
https://www.jabong.com/kids-kids-suits-sets,690
https://www.jabong.com/men-flying_machine,1593
https://www.jabong.com/women-esprit,439
https://www.jabong.com/men-nike,1242
https://www.jabong.com/women-sangria,1057
https://www.jabong.com/women-color-black,143
https://www.jabong.com/kids-biba,443
https://www.jabong.com/men-mufti,1988
https://www.jabong.com/men-jockey,667
https://www.jabong.com/women-color_cocktail,failed
https://www.jabong.com/men-ray-ban,44
https://www.jabong.com/men-arrow-sports,0
https://www.jabong.com/men-rookies,162
https://www.jabong.com/men-numero_uno,303
https://www.jabong.com/apparel-tantra,119
https://www.jabong.com/republic-of-denim-women,68
https://www.jabong.com/men-color-navy%20blue,3034
https://www.jabong.com/men-cobb,489
https://www.jabong.com/men-louisphilippe,1632
https://www.jabong.com/women-united-colors-of-benetton,825
https://www.jabong.com/women-color-white,98
https://www.jabong.com/men-jack-jones,2835
https://www.jabong.com/diesel,253
https://www.jabong.com/men-watch-cases,5
https://www.jabong.com/women-puma,2407
https://www.jabong.com/women-online-sale,failed
https://www.jabong.com/shoes-color-white,18
https://www.jabong.com/men-newport,1
https://www.jabong.com/women-maybelline,205
https://www.jabong.com/men-color-white,318
https://www.jabong.com/women-color-brown,21
https://www.jabong.com/women-color-green,40
https://www.jabong.com/women-mineral,151
https://www.jabong.com/bags-online-sale,1073
https://www.jabong.com/men-puma,3951
https://www.jabong.com/men-wildcraft,1019
https://www.jabong.com/men-john_player,176131
https://www.jabong.com/kids-kids-loafers,120
https://www.jabong.com/women-new-products,243748
https://www.jabong.com/men-reebok,1173
https://www.jabong.com/adidas-neo,237
https://www.jabong.com/men-reebok,1173
https://www.jabong.com/men-blackberrys,2886
https://www.jabong.com/women-fj-mangalsutras,53
https://www.jabong.com/men-adidas,2407
https://www.jabong.com/men-seven,451
https://www.jabong.com/men-duke,1509
https://www.jabong.com/men-lacoste,57
https://www.jabong.com/men-hrxbyhrithikroshan,176131
https://www.jabong.com/men-us_polo_assn,1993
https://www.jabong.com/men-roadster,5106
https://www.jabong.com/women-color-off%20white,1060
https://www.jabong.com/women-wishful-by-w,1087
https://www.jabong.com/celio,791
https://www.jabong.com/women-color-black,143
https://www.jabong.com/apparel-the-indian-garage-co,652
https://www.jabong.com/kids-kids-thermals,103
https://www.jabong.com/women-color-red,67
https://www.jabong.com/kids-kids-casual-dresses-frocks-kids-party-dresses-frocks,6664
https://www.jabong.com/women-trishaa-by-pantaloons,44
https://www.jabong.com/apparel-biba-biba-outlet,1823
https://www.jabong.com/apparel-champion,17
https://www.jabong.com/apparel-manchester-city-fc,417
https://www.jabong.com/women-aurelia,548
https://www.jabong.com/women-perfumes-and-edts,6
https://www.jabong.com/apparel-lee,2058
https://www.jabong.com/paytm-offer,0
https://www.jabong.com/men-color-black,279
https://www.jabong.com/men-color-black,279
https://www.jabong.com/men-pepe-jeans,1407
https://www.jabong.com/men-color-white,318
https://www.jabong.com/women-color-maroon,26
https://www.jabong.com/shoes-asics-tiger,44
https://www.jabong.com/men-pyjamas,327
https://www.jabong.com/men-lee_cooper,1048
https://www.jabong.com/men-online-sale,176131
https://www.jabong.com/men-color-brown,63
https://www.jabong.com/women-tokyo-talkies,1053
https://www.jabong.com/men-lotto,127
https://www.jabong.com/women-hype,100
https://www.jabong.com/women-vero-moda,3398
https://www.jabong.com/women-cath-kidston,272
https://www.jabong.com/women-faballey,1577
https://www.jabong.com/women-online-sale,243748
https://www.jabong.com/women-new-products,243748
https://www.jabong.com/women-skirts-flared-skirts,699
https://www.jabong.com/shoes-converse,68
https://www.jabong.com/men-color-white,318
https://www.jabong.com/men-united-colors-of-benetton,3034
https://www.jabong.com/end-of-reason-sale-prebuzz,0
https://www.jabong.com/women-color-orange,29
https://www.jabong.com/women-color-white,98
https://www.jabong.com/men-rare-rabbit,319
https://www.jabong.com/sis-jabong-referral-program,0
https://www.jabong.com/men-louisphilippe,1632
https://www.jabong.com/men-flying_machine,1593
https://www.jabong.com/women-only,3783
https://www.jabong.com/men-adidas,2407
https://www.jabong.com/new-year-gifts,0
https://www.jabong.com/men-spykar,1164
https://www.jabong.com/women-globus,0
https://www.jabong.com/men-online-sale,176131
https://www.jabong.com/men-color-black,279
https://www.jabong.com/men-adidas,2407
https://www.jabong.com/women-color-beige,24
https://www.jabong.com/men-ray-ban,44
https://www.jabong.com/women-deal-jeans,630
https://www.jabong.com/women-color-grey,37
https://www.jabong.com/men-bata,141
https://www.jabong.com/women-new-products,243748
https://www.jabong.com/women-color-golden,3
https://www.jabong.com/men-puma,3951
https://www.jabong.com/women-color-nude,3
https://www.jabong.com/women-imara,470
https://www.jabong.com/men-puma,3951
https://www.jabong.com/red_tape-online-sale,828
https://www.jabong.com/shoes-fila,469
https://www.jabong.com/women-madame,1521
https://www.jabong.com/end-of-reason-sale-50-80-brands,0
https://www.jabong.com/men-lee_cooper,1048
https://www.jabong.com/women-women-skin-care,220
https://www.jabong.com/women-l-oreal-paris,3
https://www.jabong.com/men-beauty,30
https://www.jabong.com/men-jockey,667
https://www.jabong.com/men-us_polo_assn,1993
https://www.jabong.com/women-color-black,143
https://www.jabong.com/women-color-black,143
https://www.jabong.com/women-people,1249
https://www.jabong.com/men-new-products,1
https://www.jabong.com/kids-kids-twin-sets-jumpsuits,574
https://www.jabong.com/john_player,0
https://www.jabong.com/men-new-products,1
https://www.jabong.com/men-color-brown,63
https://www.jabong.com/kids-kids-indowestern-coats-sets,0
https://www.jabong.com/home-living-curtains-sheers,2029
https://www.jabong.com/men-woodland,390
https://www.jabong.com/women-color-olive,5
https://www.jabong.com/big-billion-days-women,243748
https://www.jabong.com/men-bata,141
https://www.jabong.com/men-liberty,186
https://www.jabong.com/beauty-o3,10
https://www.jabong.com/women-bata,186
https://www.jabong.com/wrogn-shop-online,0
https://www.jabong.com/men-levis,1038
https://www.jabong.com/women-roadster,2319
https://www.jabong.com/men-hrxbyhrithikroshan,176131
https://www.jabong.com/women-t-shirt-bra,13294
https://www.jabong.com/men-san-frissco,419
https://www.jabong.com/men-united-colors-of-benetton,3034
https://www.jabong.com/women-miaminx,255
https://www.jabong.com/women-fort-collins,24
https://www.jabong.com/men-crimsoune-club,451
https://www.jabong.com/women-fj-pendants-pendant-sets,1193
https://www.jabong.com/men-wrangler,495
https://www.jabong.com/men-jack-jones,2835
https://www.jabong.com/women-caprese,333
https://www.jabong.com/shoes-mochi,451
https://www.jabong.com/men-mochi,133
https://www.jabong.com/kook-n-keech,1192
https://www.jabong.com/men-code-by-lifestyle,69
https://www.jabong.com/men-spykar,1164
https://www.jabong.com/men-louisphilippe,1632
https://www.jabong.com/men-beevee,295
https://www.jabong.com/women-floret,100
https://www.jabong.com/calvin-klein-shop-online,0
https://www.jabong.com/bags-diana-korr,121
https://www.jabong.com/kids-kurtis,65
https://www.jabong.com/women-color-golden,3
https://www.jabong.com/men-tommy_hilfiger,2274
https://www.jabong.com/men-wildcraft,1019
https://www.jabong.com/kids-tommy_hilfiger,325
https://www.jabong.com/accessories-casio,547
https://www.jabong.com/men-wildcraft,1019
https://www.jabong.com/women-new-products,243748
https://www.jabong.com/women-fostelo,249
https://www.jabong.com/kids-girls-trackwear-nightwear,299
https://www.jabong.com/women-carlton_london,1011
https://www.jabong.com/women-online-sale,243748
https://www.jabong.com/men-colorplus,1084
https://www.jabong.com/men-round-frames,21
https://www.jabong.com/men-calvin-klein-jeans,529
https://www.jabong.com/men-scotch-soda,329
https://www.jabong.com/men-color-pink,75
https://www.jabong.com/women-only,3783
https://www.jabong.com/women-rig,0
https://www.jabong.com/men-mast-harbour,1788
https://www.jabong.com/men-us_polo_assn,1993
https://www.jabong.com/men-new-products,1
https://www.jabong.com/men-new-products,1
https://www.jabong.com/men-red_tape,696
https://www.jabong.com/women-wacoal,101
https://www.jabong.com/men-sweat-jackets,5
https://www.jabong.com/men-color-maroon,48
https://www.jabong.com/kids-campus,30
https://www.jabong.com/men-color-grey,340
https://www.jabong.com/men-highlander,502
https://www.jabong.com/women-color-pink,72
https://www.jabong.com/men-color-white,318
https://www.jabong.com/home-living-diwan-sets,4719
https://www.jabong.com/superdry,863
https://www.jabong.com/karva-chauth-gifts,0
https://www.jabong.com/men-blackberrys,2886
https://www.jabong.com/marie-claire,468
https://www.jabong.com/women-caprese,333
https://www.jabong.com/men-reebok,1173
https://www.jabong.com/men-color-grey,340
https://www.jabong.com/men-flying_machine,1593
https://www.jabong.com/men-arrow,0
https://www.jabong.com/men-reebok,1173
https://www.jabong.com/shoes-online-sale,47537
https://www.jabong.com/men-cr7,49
https://www.jabong.com/men-adidas,2407
https://www.jabong.com/hrx-shop-online,0
https://www.jabong.com/men-us_polo_assn,1993
https://www.jabong.com/wrogn,1082
https://www.jabong.com/men-color-black,279
https://www.jabong.com/men-color-white,318
https://www.jabong.com/peter_england,2
https://www.jabong.com/women-color-maroon,26
https://www.jabong.com/women-maang-tika,84
https://www.jabong.com/men-wildcraft,1019
https://www.jabong.com/men-color-blue,1123
https://www.jabong.com/men-id,112
https://www.jabong.com/women-color-red,67
https://www.jabong.com/women-color-green,40
https://www.jabong.com/men-tommy_hilfiger,2274
https://www.jabong.com/men-tommy_hilfiger,2274
https://www.jabong.com/apparel-sportking,287
https://www.jabong.com/men-splash,328
https://www.jabong.com/women-honey-by-pantaloons,236
https://www.jabong.com/women-wills-lifestyle,1665
https://www.jabong.com/beauty-kaya,9
https://www.jabong.com/women-park-avenue,1348
https://www.jabong.com/chumbak,214
https://www.jabong.com/men-color-white,318
https://www.jabong.com/kids-new-products,52824
https://www.jabong.com/women-lee_cooper,590
https://www.jabong.com/men-tommy_hilfiger,2274
https://www.jabong.com/women-dressberry,3396
https://www.jabong.com/sbi-offer,0
https://www.jabong.com/men-hidesign,50
https://www.jabong.com/men-action,148
https://www.jabong.com/men-american-tourister,71
https://www.jabong.com/juicestyle-get-the-look-varun-dhawan-2,156300
https://www.jabong.com/women-bottoms-dupatta-sets,46
https://www.jabong.com/men-united-colors-of-benetton,3034
https://www.jabong.com/men-us_polo_assn,1993
https://www.jabong.com/women-adidas,890
https://www.jabong.com/women-catwalk,536
https://www.jabong.com/men-color-navy%20blue,3034
https://www.jabong.com/women-lee_cooper,590
https://www.jabong.com/men-woodland,390
https://www.jabong.com/men-baggit,63
https://www.jabong.com/women-elle,604
https://www.jabong.com/men-color-white,318
https://www.jabong.com/men-ether,813
https://www.jabong.com/men-gucci,1
https://www.jabong.com/women-rocia,171
https://www.jabong.com/men-crocs,201
https://www.jabong.com/accessories-timex,166
https://www.jabong.com/men-adidas,2407
https://www.jabong.com/women-sheer-bra,23
https://www.jabong.com/men-color-black,279
https://www.jabong.com/men-valentino,116
https://www.jabong.com/women-truffle-collection,930
https://www.jabong.com/men-idee,128
https://www.jabong.com/men-mast-harbour,1788
https://www.jabong.com/men-pepe-jeans,1407
https://www.jabong.com/men-raymond,1272
https://www.jabong.com/home-living-pillow-covers,4719
https://www.jabong.com/men-crocodile,624
https://www.jabong.com/kids-color-red,178
https://www.jabong.com/men-boat-shoes,148
https://www.jabong.com/men-kook-n-keech,744
https://www.jabong.com/women-online-sale,243748
https://www.jabong.com/women-label-ritu-kumar,491
https://www.jabong.com/women-new-products,243748
https://www.jabong.com/women-color-blue,281
https://www.jabong.com/beauty-forest-essentials,1
https://www.jabong.com/women-dr_scholl,243748
https://www.jabong.com/men-color-maroon,48
https://www.jabong.com/women-allen_solly,243748
https://www.jabong.com/women-vero-moda,3398
https://www.jabong.com/men-toiletry-kits,40
https://www.jabong.com/men-color-red,175
https://www.jabong.com/shoes-hype,52
https://www.jabong.com/men-dc,432
https://www.jabong.com/men-monteil-munero,499
https://www.jabong.com/shoes-reebok,600
https://www.jabong.com/men-color-peach,41
https://www.jabong.com/women-only,3783
https://www.jabong.com/women-color-black,143
https://www.jabong.com/juicestyle-10-times-virat-kohli-proved-his-love-for-sunglasses,64
https://www.jabong.com/kids-online-sale,52824
https://www.jabong.com/women-new-products,243748
https://www.jabong.com/women-adidas,890
https://www.jabong.com/men-louisphilippe,1632
https://www.jabong.com/men-action,148
https://www.jabong.com/men-slazenger,81
https://www.jabong.com/women-voylla,1174
https://www.jabong.com/kids-tiny-girl,821
https://www.jabong.com/women-aldo,48
https://www.jabong.com/shoes-adidas,1459
https://www.jabong.com/bags-reebok,19
https://www.jabong.com/women-metro,711
https://www.jabong.com/women-color-red,67
https://www.jabong.com/apparel-pluss,647
https://www.jabong.com/men-us_polo_assn,1993
https://www.jabong.com/women-carlton_london,1011
https://www.jabong.com/men-color-green,83
https://www.jabong.com/men-numero_uno,303
https://www.jabong.com/men-perfumes-and-edts,0
https://www.jabong.com/men-color-black,279
https://www.jabong.com/men-jack-jones,2835
https://www.jabong.com/men-weinbrenner,9
https://www.jabong.com/kids-kids-nightwear,1695
https://www.jabong.com/women-span,151
https://www.jabong.com/men-celio,791
https://www.jabong.com/women-online-sale,243748
https://www.jabong.com/men-basics,1110
https://www.jabong.com/women-alto-moda-by-pantaloons,4983
https://www.jabong.com/kids-adidas,389
https://www.jabong.com/men-puma,3951
https://www.jabong.com/women-jaipur-kurti,610
https://www.jabong.com/men-adidas,2407
https://www.jabong.com/apparel-sf-jeans-by-pantaloons,176
https://www.jabong.com/women-new-products,243748
https://www.jabong.com/men-language,83
https://www.jabong.com/nautica,402
https://www.jabong.com/women-van_heusen,3
https://www.jabong.com/women-ginger,417
https://www.jabong.com/women-hunkemoller,303
https://www.jabong.com/men-wrogn,1081
https://www.jabong.com/men-square-frames,41
https://www.jabong.com/men-online-sale,176131
https://www.jabong.com/men-nike,1242
https://www.jabong.com/men-color-brown,63
https://www.jabong.com/juicestyle-get-the-look-ranbir-kapoor-4,1067
https://www.jabong.com/men-liberty,186
https://www.jabong.com/men-us_polo_assn,1993
https://www.jabong.com/women-online-sale,243748
https://www.jabong.com/men-park-avenue,1316
https://www.jabong.com/kids-kids-swimwear,301
https://www.jabong.com/men-new-products,1
https://www.jabong.com/women-asymmetric-dresses,68
https://www.jabong.com/men-fila,809
https://www.jabong.com/men-aeropostale,863
https://www.jabong.com/women-biba,1381
https://www.jabong.com/beauty-l-oreal-paris,1515
https://www.jabong.com/men-color-black,279
https://www.jabong.com/women-ray-ban,20
https://www.jabong.com/men-new-era,138
https://www.jabong.com/men-american-swan,0
https://www.jabong.com/men-puma,3951
https://www.jabong.com/diwali-cracker-prebuzz,0
https://www.jabong.com/men-jack-jones,2835
https://www.jabong.com/apparel-neva,450
https://www.jabong.com/women-dkny,33
https://www.jabong.com/women-new-products,243748
https://www.jabong.com/men-diesel,251
https://www.jabong.com/lee-shop-online,0
https://www.jabong.com/women-diva-fashion,502
https://www.jabong.com/women-sangria,1057
https://www.jabong.com/men-bandanas,15
https://www.jabong.com/women-v-neck-tees,527
https://www.jabong.com/daniel-klein,450
https://www.jabong.com/women-kraus,189
https://www.jabong.com/tom-tailor,2032
https://www.jabong.com/women-color-black,143
https://www.jabong.com/men-color-silver,0
https://www.jabong.com/apparel-fame-forever,75
https://www.jabong.com/women-eye-glasses,4015
https://www.jabong.com/men-power,57
https://www.jabong.com/women-color-blue,281
https://www.jabong.com/men-color-navy%20blue,3034
https://www.jabong.com/women-la-firangi,457
https://www.jabong.com/men-puma,3951
https://www.jabong.com/duke,1606
https://www.jabong.com/women-latin-quarters,836
https://www.jabong.com/men-van_heusen,176131
https://www.jabong.com/women-pepe-jeans,629
https://www.jabong.com/men-puma,3951
https://www.jabong.com/men-john-miller,114
https://www.jabong.com/men-puma,3951
https://www.jabong.com/men-oakley,23
https://www.jabong.com/women-color-red,67
https://www.jabong.com/men-mochi,133
https://www.jabong.com/women-new-products,243748
https://www.jabong.com/shoes-color-blue,114
https://www.jabong.com/men-vostro,228
https://www.jabong.com/men-arrow,0
https://www.jabong.com/men-tommy_hilfiger,2274
https://www.jabong.com/bags-united-colors-of-benetton,53
https://www.jabong.com/men-colorplus,1084
https://www.jabong.com/women-moda-rapido,870
https://www.jabong.com/men-color-blue,1123
https://www.jabong.com/men-new-products,1
https://www.jabong.com/men-online-sale,176131
https://www.jabong.com/men-trunks,600
https://www.jabong.com/men-color-maroon,48
https://www.jabong.com/shoes-united-colors-of-benetton,375
https://www.jabong.com/women-hoops,53
https://www.jabong.com/men-nike,1242
https://www.jabong.com/women-aks,1149
https://www.jabong.com/men-titan,97
https://www.jabong.com/men-puma,3951
https://www.jabong.com/women-halter-bra,54
https://www.jabong.com/puma-online-sale,5478
https://www.jabong.com/kids-sweatshirts,2042
https://www.jabong.com/shoes-msl,10
https://www.jabong.com/men-lee,1656
https://www.jabong.com/men-online-sale,176131
https://www.jabong.com/apparel-ywc,793
https://www.jabong.com/bags-vip,23
https://www.jabong.com/women-adidas-neo,45
https://www.jabong.com/women-jockey,756
https://www.jabong.com/women-madame,1521
https://www.jabong.com/women-reebok,541
https://www.jabong.com/men-underwear,948
https://www.jabong.com/new-year-gifts-for-her,0
https://www.jabong.com/men-roadster,5106
https://www.jabong.com/shoes-knotty-derby,205
https://www.jabong.com/home-living-home-furnishing,15418
https://www.jabong.com/men-red_tape,696
https://www.jabong.com/apparel-lee_cooper,1302
https://www.jabong.com/kids-kids-sneakers,677
https://www.jabong.com/apparel-ajile-by-pantaloons,15
https://www.jabong.com/women-span,failed
https://www.jabong.com/men-nike,1242
https://www.jabong.com/kids-cutecumber,749
https://www.jabong.com/women-catwalk,536
https://www.jabong.com/women-w,1087
https://www.jabong.com/men-reebok,1173
https://www.jabong.com/women-shift-dresses,8991
https://www.jabong.com/men-allen_solly,176131
https://www.jabong.com/men-parx,1149
https://www.jabong.com/apparel-spykar,1276
https://www.jabong.com/women-next,2935
https://www.jabong.com/men-color-red,175
https://www.jabong.com/men-color-brown,63
https://www.jabong.com/women-new-products,243748
https://www.jabong.com/juicestyle-get-the-look-virat-kohli-2,766
https://www.jabong.com/men-red_chief,390
https://www.jabong.com/men-clarks,453
https://www.jabong.com/men-selected,693
https://www.jabong.com/men-allen_solly,176131
https://www.jabong.com/women-boyshorts,176
https://www.jabong.com/women-fab_india,87
https://www.jabong.com/women-beauty,1512
https://www.jabong.com/women-studs,32
https://www.jabong.com/men-maxima,5
https://www.jabong.com/women-color-purple,29
https://www.jabong.com/men-analog-digital-watches,110
https://www.jabong.com/women-color-blue,281
https://www.jabong.com/women-vedic,192
https://www.jabong.com/men-arrow,0
https://www.jabong.com/hummel,1143
https://www.jabong.com/apparel-proline,621
https://www.jabong.com/men-color-navy%20blue,3034
https://www.jabong.com/women-laptop-bags,224
https://www.jabong.com/kids-party-gown,138
https://www.jabong.com/apparel-indian_terrain,4
https://www.jabong.com/women-accessories,1066
https://www.jabong.com/women-color-nude,3
https://www.jabong.com/men-ecko-unltd,670
https://www.jabong.com/women-catwalk,536
https://www.jabong.com/men-philips,6
https://www.jabong.com/women-accessorize,1564
https://www.jabong.com/men-color-navy%20blue,3034
https://www.jabong.com/women-new-products,243748
https://www.jabong.com/women-lavie,1126
https://www.jabong.com/women-new-products,0
https://www.jabong.com/men-color-grey,340
https://www.jabong.com/women-dorothy-perkins,4456
https://www.jabong.com/men-guess,105
https://www.jabong.com/men-louisphilippesports,176131
https://www.jabong.com/men-flying_machine,1593
https://www.jabong.com/women-color-white,98
https://www.jabong.com/men-reebok,1173
https://www.jabong.com/juicestyle-get-the-look-saif-ali-khan-2,156300
https://www.jabong.com/men-givenchy,2
https://www.jabong.com/men-invictus,969
https://www.jabong.com/women-peplum-dresses,3
https://www.jabong.com/women-bruno-manetti,632
https://www.jabong.com/shoes-mactree,137
https://www.jabong.com/men-color-maroon,48
https://www.jabong.com/men-fj-chains,13
https://www.jabong.com/women-mstaken,1
https://www.jabong.com/men-superdry,617
https://www.jabong.com/kids-united-colors-of-benetton,2452
https://www.jabong.com/women-kurta-skirt-set,1
https://www.jabong.com/women-rage,2
https://www.jabong.com/men-seven,451
https://www.jabong.com/women-inc_5,939
https://www.jabong.com/bags-baggit,681
https://www.jabong.com/men-police,36
https://www.jabong.com/women-mayra,1004
https://www.jabong.com/men-pavers-england,7
https://www.jabong.com/women-nails,474
https://www.jabong.com/women-color-peach,14
https://www.jabong.com/men-roadster,5106
https://www.jabong.com/men-asics,206
https://www.jabong.com/men-fj-earrings,2
https://www.jabong.com/women-rain-rainbow,297
https://www.jabong.com/men-adidas-originals,424
https://www.jabong.com/kids-backpack,195
https://www.jabong.com/women-vero-moda,3398
https://www.jabong.com/men-french-connection-underwear,0
https://www.jabong.com/men-monte-carlo,762
https://www.jabong.com/men-new-products,1
https://www.jabong.com/men-color-blue,1123
https://www.jabong.com/kids-online-sale,52824
https://www.jabong.com/men-mr-button,363
https://www.jabong.com/real-madrid-cf,0
https://www.jabong.com/men-levis,1038
https://www.jabong.com/men-color-brown,63
https://www.jabong.com/men-pronto,71
https://www.jabong.com/women-digital-watches,43
https://www.jabong.com/juicestyle-how-i-got-here-shubhra-chadda-chumbak,214
https://www.jabong.com/men-color-grey,340
https://www.jabong.com/kids-accessories,86
https://www.jabong.com/axisbank-offer,0
https://www.jabong.com/women-online-sale,243748
https://www.jabong.com/men-color-white,318
https://www.jabong.com/men-jack-jones,2835
https://www.jabong.com/women-color-white,98
https://www.jabong.com/men-online-sale,176131
https://www.jabong.com/puma-discount-more-than-44,5478
https://www.jabong.com/accessories-idee,208
https://www.jabong.com/accessories-tommy_hilfiger,366
https://www.jabong.com/women-color-red,67
https://www.jabong.com/women-mast-harbour,1701
https://www.jabong.com/men-vimal,790
https://www.jabong.com/shoes-tommy_hilfiger,76
https://www.jabong.com/women-pepe-jeans,629
https://www.jabong.com/puma-discount-more-than-39,5478
https://www.jabong.com/women-color-golden,3
https://www.jabong.com/men-joe-black,173
https://www.jabong.com/women-color-green,23
https://www.jabong.com/women-puma,2407
https://www.jabong.com/men-new-balance,147
https://www.jabong.com/women-kappa,69
https://www.jabong.com/women-lakme,338
https://www.jabong.com/40-70-store,0
https://www.jabong.com/apparel-hubberholme,289
https://www.jabong.com/accessories-skagen,49
https://www.jabong.com/men-numero_uno,303
https://www.jabong.com/women-harpa,1489
https://www.jabong.com/women-mother_earth,0
https://www.jabong.com/men-john_player,176131
https://www.jabong.com/spykar,1372
https://www.jabong.com/women-make-up-base,173
https://www.jabong.com/men-pepe-jeans,1407
https://www.jabong.com/men-hummel,757
https://www.jabong.com/women-color-black,143
https://www.jabong.com/women-biba,1381
https://www.jabong.com/men-color-navy%20blue,3034
https://www.jabong.com/men-moda-rapido,1462
https://www.jabong.com/women-lee,744
https://www.jabong.com/home-living-diwans-bolsters,15418
https://www.jabong.com/women-da-milano,132
https://www.jabong.com/startselling,32
https://www.jabong.com/diwali-ethnic-store,3555
https://www.jabong.com/women-karigari,10
https://www.jabong.com/women-aurelia,548
https://www.jabong.com/men-new-products,1
https://www.jabong.com/men-reebok,1173
https://www.jabong.com/men-reebok,1173
https://www.jabong.com/levis-online-sale,1218
https://www.jabong.com/women-eye-shadow,29
https://www.jabong.com/juicestyle-ranveer-singh-represents-adidas-originals,627
https://www.jabong.com/women-color-beige,24
https://www.jabong.com/men-lee_cooper,1048
https://www.jabong.com/men-killer,377
https://www.jabong.com/apparel-american-swan,0
https://www.jabong.com/women-online-sale,243748
https://www.jabong.com/winter-store-women,22
https://www.jabong.com/telugu-new-year-ugadi-offers,0
https://www.jabong.com/women-color-white,98
https://www.jabong.com/women-hair-color,96
https://www.jabong.com/men-escaro,316
https://www.jabong.com/women-riya,113
https://www.jabong.com/men-online-sale,176131
https://www.jabong.com/jc-collection,854
https://www.jabong.com/juicestyle-the-best-watches-for-women-under-rs-10000,2644
https://www.jabong.com/men-invictus,969
https://www.jabong.com/women-new-products,243748
https://www.jabong.com/men-wave-london,50
https://www.jabong.com/women-faballey,1577
https://www.jabong.com/men-color-tan,13
https://www.jabong.com/men-peter_england,2
https://www.jabong.com/united-colors-of-benetton-online-sale,6496
https://www.jabong.com/women-color-pink,72
https://www.jabong.com/men-wrogn,1081
https://www.jabong.com/men-color-pink,75
https://www.jabong.com/bags-carlton_london,8
https://www.jabong.com/faballey,1581
https://www.jabong.com/women-new-products,243748
https://www.jabong.com/men-jack-jones,2835
https://www.jabong.com/women-kira,390
https://www.jabong.com/kotak-offer,0
https://www.jabong.com/kids-kids-jeggings,335
https://www.jabong.com/juicestyle-5-easy-steps-to-stay-groomed-all-day,4
https://www.jabong.com/women-color-orange,29
https://www.jabong.com/men-celio,791
https://www.jabong.com/men-killer,377
https://www.jabong.com/apparel-star-wars,256
https://www.jabong.com/birthday-gifts-for-kids,52824
https://www.jabong.com/women-tommy_hilfiger,557
https://www.jabong.com/juicestyle-get-the-look-sidharth-malhotra,0
https://www.jabong.com/shoes-power,66
https://www.jabong.com/men-alberto-torresi,361
https://www.jabong.com/men-nike,1242
https://www.jabong.com/men-casio,358
https://www.jabong.com/women-nike,549
https://www.jabong.com/apparel-globus,0
https://www.jabong.com/men-parx,1149
https://www.jabong.com/men-levis,1038
https://www.jabong.com/sangria-shop-online,0
https://www.jabong.com/apparel-vimal,1487
https://www.jabong.com/wedding-anniversary-gifts,0
https://www.jabong.com/men-lux-cozi,43
https://www.jabong.com/women-anarkali-kurtis,1601
https://www.jabong.com/women-inc_5,939
https://www.jabong.com/women-color-white,98
https://www.jabong.com/home-living-bath-towels,4719
https://www.jabong.com/men-arrow,0
https://www.jabong.com/women-anouk,1307
https://www.jabong.com/men-puma,3951
https://www.jabong.com/kids-color-nude,0
https://www.jabong.com/men-high-sierra,1
https://www.jabong.com/women-color-black,80
https://www.jabong.com/men-invicta,25
https://www.jabong.com/women-triveni-sarees,318
https://www.jabong.com/men-john_player,176131
https://www.jabong.com/men-clarks,453
https://www.jabong.com/seven,492
https://www.jabong.com/women-clarks,725
https://www.jabong.com/home-living-table-mats,71
https://www.jabong.com/women-naturaliser,85
https://www.jabong.com/women-nike,549
https://www.jabong.com/men-united-colors-of-benetton,3034
https://www.jabong.com/dc_comics,0
https://www.jabong.com/women-sangria,1057
https://www.jabong.com/men-frenchconnection,483
https://www.jabong.com/apparel-alcis,797
https://www.jabong.com/hdfcbank-offer,0
https://www.jabong.com/men-performax,13
https://www.jabong.com/men-color-yellow,109
https://www.jabong.com/men-egoss,94
https://www.jabong.com/men-shiv-naresh,13
https://www.jabong.com/men-arrow-sports,0
https://www.jabong.com/men-color-olive,62
https://www.jabong.com/women-jaipur-kurti,610
https://www.jabong.com/men-color-white,318
https://www.jabong.com/women-nike,549
https://www.jabong.com/apparel-status_quo,1133
https://www.jabong.com/apparel-alcott,394
https://www.jabong.com/men-men-fragrances,29
https://www.jabong.com/men-nike,1242
https://www.jabong.com/men-color-orange,59
https://www.jabong.com/childrens-day,0
https://www.jabong.com/men-color-tan,13
https://www.jabong.com/men-online-sale,176131
https://www.jabong.com/women-rangmanch-by-pantaloons-akkriti-by-pantaloons-trishaa-by-pantaloons,944
https://www.jabong.com/men-peter_england,2
https://www.jabong.com/men-cobb,489
https://www.jabong.com/men-compression-t-shirts,1
https://www.jabong.com/men-ed_hardy,176131
https://www.jabong.com/men-laptop-bags,273
https://www.jabong.com/women-color-navy%20blue,1060
https://www.jabong.com/men-sparx,352
https://www.jabong.com/gant,133
https://www.jabong.com/women-w,1087
https://www.jabong.com/juicestyle-style-file-varun-dhawans-dishoom-promo-looks,0
https://www.jabong.com/men-roadster,5106
https://www.jabong.com/women-thongs,50
https://www.jabong.com/men-jockey,667
https://www.jabong.com/women-new-products,243748
https://www.jabong.com/women-color-blue,281
https://www.jabong.com/women-aerosole,35
https://www.jabong.com/home-living-towels,15418
https://www.jabong.com/women-new-products,243748
https://www.jabong.com/wedding-store,0
https://www.jabong.com/men-color-brown,63
https://www.jabong.com/juicestyle-cover-star-varun-dhawan,335
https://www.jabong.com/men-action,148
https://www.jabong.com/men-color-blue,1123
https://www.jabong.com/kids-ruff,324
https://www.jabong.com/men-united-colors-of-benetton,3034
https://www.jabong.com/men-chaps,5
https://www.jabong.com/men-online-sale,176131
https://www.jabong.com/kids-kids-dungarees-dungaree-sets,195
https://www.jabong.com/roadster-shop-online,0
https://www.jabong.com/bigbrandsale-min51,0
https://www.jabong.com/men-red_tape,696
https://www.jabong.com/men-new-products,1
https://www.jabong.com/men-lee_cooper,1048
https://www.jabong.com/men-superdry,617
https://www.jabong.com/women-new-products,243748
https://www.jabong.com/men-color-black,279
https://www.jabong.com/men-color-khaki,23
https://www.jabong.com/women-color-white,98
https://www.jabong.com/kids-naughty-ninos,319
https://www.jabong.com/men-color-grey,340
https://www.jabong.com/women-color-white,98
https://www.jabong.com/adidas-online-sale,3547
https://www.jabong.com/women-new-products,243748
https://www.jabong.com/men-color-maroon,1
https://www.jabong.com/kids-little_kangaroos,665
https://www.jabong.com/kids-nike,256
https://www.jabong.com/men-lee_cooper,1048
https://www.jabong.com/men-fila,809
https://www.jabong.com/women-lakme,338
https://www.jabong.com/men-duke,1509
https://www.jabong.com/women-fila,169
https://www.jabong.com/ethnic-carnival,3555
https://www.jabong.com/home-living-bombay-dyeing,317
https://www.jabong.com/women-color-magenta,5
https://www.jabong.com/men-mast-harbour,1788
https://www.jabong.com/women-color-silver,2
https://www.jabong.com/men-color-silver,0
https://www.jabong.com/men-hrxbyhrithikroshan,176131
https://www.jabong.com/kids-puma,127
https://www.jabong.com/men-hidesign,50
https://www.jabong.com/women-bata,186
https://www.jabong.com/men-levis,1038
https://www.jabong.com/end-of-reason-sale-online,0
https://www.jabong.com/men-united-colors-of-benetton,3034
https://www.jabong.com/men-color-red,175
https://www.jabong.com/women-reebok,541
https://www.jabong.com/women-coverstory,5187
https://www.jabong.com/men-color-white,318
https://www.jabong.com/men-color-yellow,109
https://www.jabong.com/men-flying_machine,1593
https://www.jabong.com/women-color-navy%20blue,1060
https://www.jabong.com/home-living-laundry-baskets,15418
https://www.jabong.com/men-color-blue,1123
https://www.jabong.com/kids-kids-sweaters-cardigans,282
https://www.jabong.com/men-online-sale,176131
https://www.jabong.com/women-amante,397
https://www.jabong.com/bags-satya_paul,45
https://www.jabong.com/women-park-avenue,1348
https://www.jabong.com/women-timex,80
https://www.jabong.com/women-park-avenue,1348
https://www.jabong.com/men-hats,10
https://www.jabong.com/women-color-blue,281
https://www.jabong.com/women-color-white,98
https://www.jabong.com/mothers-day,25
https://www.jabong.com/home-living-swayam,489
https://www.jabong.com/men-online-sale,176131
https://www.jabong.com/women-zaveri-pearls,1238
https://www.jabong.com/men-color-black,279
https://www.jabong.com/women-roadster,2319
https://www.jabong.com/men-scarves,22
https://www.jabong.com/men-buckaroo,153
https://www.jabong.com/men-adidas,2407
https://www.jabong.com/discount-more-than-29,6
https://www.jabong.com/men-color-white,318
https://www.jabong.com/women-colorbar,365
https://www.jabong.com/home-living-doormats,4719
https://www.jabong.com/men-calvin-klein-jeans,529
https://www.jabong.com/punk,528
https://www.jabong.com/women-titan,46
https://www.jabong.com/women-crocs,424
https://www.jabong.com/women-harpa,1489
https://www.jabong.com/men-ties,1367
https://www.jabong.com/shoes-liberty,113
https://www.jabong.com/women-color-silver,2
https://www.jabong.com/kids-kids-party-tops,532
https://www.jabong.com/men-sonata,1
https://www.jabong.com/kids-inara,1
https://www.jabong.com/women-athena,439
https://www.jabong.com/men-duke,1509
https://www.jabong.com/accessories-q-q,59
https://www.jabong.com/kids-skechers,32
https://www.jabong.com/mobikwik-wallet,2992
https://www.jabong.com/women-color-grey,37
https://www.jabong.com/women-color-navy%20blue,1060
https://www.jabong.com/kids-color-white,317
https://www.jabong.com/men-allen_solly,176131
https://www.jabong.com/women-new-products,243748
https://www.jabong.com/women-color-golden,3
https://www.jabong.com/women-rangeelo-rajasthan,103
https://www.jabong.com/page-designer-store,0
https://www.jabong.com/women-woodland,48
https://www.jabong.com/men-dhotis,28
https://www.jabong.com/apparel-discount-more-than-29,1
https://www.jabong.com/men-locomotive,1448
https://www.jabong.com/michael-kors,71
https://www.jabong.com/women-color-copper,1
https://www.jabong.com/women-puma,2407
https://www.jabong.com/makarsankranti-offers,0
https://www.jabong.com/accessories-d-signer,33
https://www.jabong.com/home-living-raymond-bed-bath,0
https://www.jabong.com/men-color-navy%20blue,3034
https://www.jabong.com/men-tanks,148
https://www.jabong.com/men-skechers,83
https://www.jabong.com/men-color-olive,62
https://www.jabong.com/women-color-black,143
https://www.jabong.com/women-coverstory,5187
https://www.jabong.com/men-brooks-brothers,112
https://www.jabong.com/women-alto-moda-by-pantaloons,4983
https://www.jabong.com/women-l-oreal-paris,3
https://www.jabong.com/women-online-sale,243748
https://www.jabong.com/men-next,2741
https://www.jabong.com/women-new-products,243748
https://www.jabong.com/women-makeup-revolution-london,90
https://www.jabong.com/women-global_desi,904
https://www.jabong.com/women-color-purple,20
https://www.jabong.com/terms-conditions-freecharge,1
https://www.jabong.com/men-fila,809
https://www.jabong.com/men-liberty,186
https://www.jabong.com/women-blue-sequin,116
https://www.jabong.com/women-ahalyaa,323
https://www.jabong.com/men-lee_cooper,1048
https://www.jabong.com/women-inc_5,939
https://www.jabong.com/men-adidas-originals,424
https://www.jabong.com/men-flying_machine,1593
https://www.jabong.com/sis-termsandconditionssbiemi,0
https://www.jabong.com/women-carlton_london,1011
https://www.jabong.com/men-code-by-lifestyle,69
https://www.jabong.com/men-levis,1038
https://www.jabong.com/men-nike,1242
https://www.jabong.com/women-color-pink,72
https://www.jabong.com/men-new-products,1
https://www.jabong.com/women-color-pink,72
https://www.jabong.com/women-next,2935
https://www.jabong.com/women-color-purple,20
https://www.jabong.com/women-color-brown,21
https://www.jabong.com/women-jealous-21,267
https://www.jabong.com/men-q-q,35
https://www.jabong.com/shoes-code-by-lifestyle,58
https://www.jabong.com/women-faballey,1577
https://www.jabong.com/women-mango,1398
https://www.jabong.com/men-color-white,318
https://www.jabong.com/men-impulse,100
https://www.jabong.com/lingerie-sis,0
https://www.jabong.com/kids-liberty,16
https://www.jabong.com/men-polaroid,144
https://www.jabong.com/men-superdry,617
https://www.jabong.com/nine_west,456
https://www.jabong.com/women-color-yellow,42
https://www.jabong.com/women-harpa,1489
https://www.jabong.com/women-chinos,726
https://www.jabong.com/men-mast-harbour,1788
https://www.jabong.com/women-eavan,573
https://www.jabong.com/women-lavie,1126
https://www.jabong.com/lee_cooper-online-sale,2442
https://www.jabong.com/autumn-store,0
https://www.jabong.com/women-liberty,31
https://www.jabong.com/women-color-nude,3
https://www.jabong.com/women-new-products,0
https://www.jabong.com/women-varanga,1744
https://www.jabong.com/men-locomotive,1448
https://www.jabong.com/women-anklets,67
https://www.jabong.com/women-color-pink,72
https://www.jabong.com/men-electric-shavers-and-trimmers,31
https://www.jabong.com/women-vero-moda,3398
https://www.jabong.com/women-mahotsav,223
https://www.jabong.com/women-hrxbyhrithikroshan,243748
https://www.jabong.com/women-color-black,143
https://www.jabong.com/women-vedic,192
https://www.jabong.com/women-mochi,467
https://www.jabong.com/men-numero_uno,303
https://www.jabong.com/men-online-sale,176131
https://www.jabong.com/men-us_polo_assn,1993
https://www.jabong.com/men-jadeblue,176131
https://www.jabong.com/men-color-grey,21102
https://www.jabong.com/maha-shivratri-offers,0
https://www.jabong.com/shoes-ether,102
https://www.jabong.com/shoes-color-red,22
https://www.jabong.com/men-denims,325
https://www.jabong.com/kids-soft-toys,60
https://www.jabong.com/women-color-white,98
https://www.jabong.com/swarovski,636
https://www.jabong.com/juicestyle-get-the-look-shahid-kapoor-2,156300
https://www.jabong.com/women-adidas,890
https://www.jabong.com/men-color-green,83
https://www.jabong.com/men-bacca-bucci,429
https://www.jabong.com/juicestyle-jabong-magazine,0
https://www.jabong.com/home-living-bed-covers,4719
https://www.jabong.com/women-lavie,1126
https://www.jabong.com/men-color-navy%20blue,3034
https://www.jabong.com/women-ginger,417
https://www.jabong.com/women-salwar-kameez-dupatta,3223
https://www.jabong.com/alcott,492
https://www.jabong.com/jrp_termsandconditions,0
https://www.jabong.com/men-carrera,181
https://www.jabong.com/women-bodycare,55
https://www.jabong.com/men-reebok,1173
https://www.jabong.com/men-jockey,667
https://www.jabong.com/women-caprese,333
https://www.jabong.com/kids-kay,17
https://www.jabong.com/men-nike,1242
https://www.jabong.com/men-fastrack,34
https://www.jabong.com/women-puma,2407
https://www.jabong.com/shoes-spunk,11
https://www.jabong.com/men-knotty-derby,137
https://www.jabong.com/women-color-silver,2
https://www.jabong.com/women-zoeyams,341
https://www.jabong.com/women-lavie,1126
https://www.jabong.com/men-urbantouch,117
https://www.jabong.com/women-skybags,49
https://www.jabong.com/bags-holii,1
https://www.jabong.com/men-columbia,365
https://www.jabong.com/women-belle-fille,181
https://www.jabong.com/men-united-colors-of-benetton,3034
https://www.jabong.com/men-hrxbyhrithikroshan,176131
https://www.jabong.com/men-van_heusen,176131
https://www.jabong.com/women-mustard,223
https://www.jabong.com/women-lux-lyra,282
https://www.jabong.com/women-color-white,98
https://www.jabong.com/men-levis,1038
https://www.jabong.com/men-blackberrys,2886
https://www.jabong.com/shoes-salt-n-pepper,285
https://www.jabong.com/men-monte-carlo,762
https://www.jabong.com/women-puma,2407
https://www.jabong.com/women-color-white,98
https://www.jabong.com/men-united-colors-of-benetton,3034
https://www.jabong.com/women-miaminx,255
https://www.jabong.com/women-sudarshan-silk,159
https://www.jabong.com/v_dot,550
https://www.jabong.com/women-idee,127
https://www.jabong.com/women-puma,2407
https://www.jabong.com/men-invictus,969
https://www.jabong.com/winter-store-men,38198
https://www.jabong.com/men-woodland,390
https://www.jabong.com/women-sonari,175
https://www.jabong.com/esbeda,461
https://www.jabong.com/women-puma,2407
https://www.jabong.com/women-color-white,98
https://www.jabong.com/women-the-house-of-tara,258
https://www.jabong.com/women-faballey-indya,522
https://www.jabong.com/men-allen_cooper,1902
https://www.jabong.com/missguided,26
https://www.jabong.com/women-madame,1521
https://www.jabong.com/women-chokers,12
https://www.jabong.com/women-x-pose,243748
https://www.jabong.com/satya-paul-shop-online,0
https://www.jabong.com/men-moda-rapido,1462
https://www.jabong.com/men-wrangler,495
https://www.jabong.com/men-voi,149
https://www.jabong.com/women-trishaa-by-pantaloons,44
https://www.jabong.com/men-color-green,83
https://www.jabong.com/republic-day-offers,0
https://www.jabong.com/men-franco_leone,398
https://www.jabong.com/women-color-green,40
https://www.jabong.com/women-adidas,890
https://www.jabong.com/men-color-brown,63
https://www.jabong.com/men-allen_solly,176131
https://www.jabong.com/kids-kids-panties-bloomers,1
https://www.jabong.com/shoes-metro,621
https://www.jabong.com/men-calvin-klein-jeans,529
https://www.jabong.com/women-online-sale,243748
https://www.jabong.com/bigbrandsale-flat50,5383
https://www.jabong.com/men-cobb,489
https://www.jabong.com/men-color-yellow,109
https://www.jabong.com/men-smag,441
https://www.jabong.com/men-umbro,2
https://www.jabong.com/men-wills-lifestyle,870
https://www.jabong.com/women-bunkar,1
https://www.jabong.com/men-color-black,279
https://www.jabong.com/women-ives,268
https://www.jabong.com/men-monte-carlo,762
https://www.jabong.com/men-alberto-torresi,361
https://www.jabong.com/men-peter_england,2
https://www.jabong.com/women-zaveri-pearls,1238
https://www.jabong.com/women-color-white,98
https://www.jabong.com/beauty-colorbar,185
https://www.jabong.com/women-satya_paul,35
https://www.jabong.com/women-color-orange,29
https://www.jabong.com/men-color-grey,340
https://www.jabong.com/women-juniper,419
https://www.jabong.com/women-dressberry,3396
https://www.jabong.com/women-spykar,208
https://www.jabong.com/men-omax,42
https://www.jabong.com/women-carlton_london,1011
https://www.jabong.com/men-color-khaki,23
https://www.jabong.com/men-colorplus,1084
https://www.jabong.com/men-rectangle-frames,245
https://www.jabong.com/men-fila,809
https://www.jabong.com/women-color-white,98
https://www.jabong.com/women-lavie,1126
https://www.jabong.com/apparel-pink-floyd,1
https://www.jabong.com/men-ed_hardy,176131
https://www.jabong.com/men-puma,3951
https://www.jabong.com/kids-adidas,389
https://www.jabong.com/women-naari,129
https://www.jabong.com/men-new-era,138
https://www.jabong.com/women-blouses,29920
https://www.jabong.com/women-kira,390
https://www.jabong.com/women-chronograph-watches,35
https://www.jabong.com/women-pretty-secrets,1691
https://www.jabong.com/river-island,30
https://www.jabong.com/bags-safari,50
https://www.jabong.com/men-john_player,176131
https://www.jabong.com/women-code-by-lifestyle,187
https://www.jabong.com/men-puma,3951
https://www.jabong.com/women-new-products,243748
https://www.jabong.com/women-color-silver,2
https://www.jabong.com/men-arrow-sports,0
https://www.jabong.com/men-adidas-originals,424
https://www.jabong.com/men-fila,809
https://www.jabong.com/women-forever-21,4917
https://www.jabong.com/men-color-maroon,48
https://www.jabong.com/kids-kids-flip-flops,84
https://www.jabong.com/men-new-products,1
https://www.jabong.com/men-canary-london,410
https://www.jabong.com/kids-online-sale,52824
https://www.jabong.com/men-trousers,7441
https://www.jabong.com/men-color-purple,10
https://www.jabong.com/antony-morato,138
https://www.jabong.com/men-united-colors-of-benetton,3034
https://www.jabong.com/men-color-purple,10
https://www.jabong.com/home-living,4719
https://www.jabong.com/bags-wildcraft,39
https://www.jabong.com/men-xyxx,169
https://www.jabong.com/bags-caprese,4
https://www.jabong.com/apparel-fab_india-fabels-by-fabindia,1641
https://www.jabong.com/apparel-frenchconnection-french-connection-underwear,417
https://www.jabong.com/gini-jony,4765
https://www.jabong.com/louisphilippe-louis-philippe-jeans-louisphilippesports,288
https://www.jabong.com/beauty-maybelline,90
https://www.jabong.com/metro,871
https://www.jabong.com/mufti,1988
https://www.jabong.com/park-avenue,2664
https://www.jabong.com/roadster,7335
https://www.jabong.com/swayam,1640
https://www.jabong.com/tresmode-solovoga-tao-paris,392
